CustomizationTablesMaxColors,ProdReference,Name,SEOName,Description,ShortDescription,SEOShortDescription,SEOShortDescriptionCap,IsTextil,HasColors,HasSizes,HasCapacitys,CombinedSizes,Gender,DefaultCustomizationIncludedInPrice,AvailableGross,BoxLengthMM,BoxWidthMM,BoxHeightMM,BoxSizeM,BoxWeightKG,BoxVolume,BoxQuantity,BoxInnerQuantity,Multiplier,Taric,Type,TypeCode,SubType,SubTypeCode,MainImage,BoxImage,BagImage,PouchImage,AditionalImageList,AllImageList,Brand,CountryOfOrigin,PvcFree,Properties,ProductCare,Certificates,WeightGr,Composition,Packing,Weight,Repacking,RefillType,BatteryType,Materials,PaperSize,PaperGramage,CapacityMah,CapacityGB,InkColor,OtherDetails,KeyWords,RelatedReferences,Video360,VideoLink,VideoLinkVimeo,Sizes,Capacitys,Colors,ProductComponents,ProductDefaultComponent,ProductComponentLocations,ProductComponentDefaultLocation,ProductComponentDefaultLocationAreaMM,ProductComposedLocations,CustomizationTypes,CustomizationDefaultType,CustomizationTables,CustomizationDefaultTable,CustomizationTableOptions,CustomizationTableOptionsMaxColors,CustomizationTableOptionsHandlingCosts,CustomizationTableOptionsHandlingCostCodes,CustomizationDefault,CustomizationDefaultTableMaxColors,CustomizationDefaultHandlingCosts,CustomizationDefaultHandlingCostCode,CustomizationDefaultPrintingLines,IsSeasonal,SeasonalOccasion,SeasonalStartDate,SeasonalEndDate,PriceByCapacity,IsStockOut,OnlineExclusive,NewProduct,YourPrice,ScalePrices,ProductOptionals,Components,CertificateFiles,Catalogs,UpdateDate,NoReplenishment,WebSku
"1, 1, 1, 1, 1, 2, 1",51716,CORNWELL. Lápis apontado com borracha,CORNWELL,Lápis apontado com borracha. Grau de dureza: HB. Produto certificado de acordo com a portaria Inmetro nº423 de 8/out/2021. A cor e o resultado da impressão nos materiais naturais pode variar entre produtos. ø7 x 190 mm,Lápis apontado com borracha. Grau de dureza: HB. Produto certificado de acordo com a portaria Inmetro nº423 de 8/out/2021. A cor e o resultado da impressão nos materiais naturais pode variar entre produtos,CORNWELL. Lápis apontado com borracha,CORNWELL. LÁPIS APONTADO COM BORRACHA,false,true,false,false,ø7 x 190 mm,,false,true,4.3,2.1,3.4,0.430X0.210X0.340,11.86,0.031,2160,144,1,9609.10.00,Escrita,2,Lápis,0160,51716_set.jpg,,,,,"51716_set.jpg, 51716_150-logo.jpg, 51716_150.jpg",hi!dea™,China,false,,,,,,,1,,,,Com borracha,,,,0,,,"lápis, 91716, kit de escrita, kits de escrita, criança, crianças, kids, kit criança, pintar, colorir, kits para pintar, escolar, certificado",51722,,,,,,Natural claro,Lápis,Lápis,Corpo,Corpo,40 x 5,Lápis - Corpo,"Laser, Tampografia, Silk Screen",Tampografia,"LSR1-01, LSR1-02, LSR1-03, LSR1-04, LSR1-05, PDP1-01, SCR2-01",PDP1-01-01,"LSR1-01-01, LSR1-02-01, LSR1-03-01, LSR1-04-01, LSR1-05-01, PDP1-01-01, PDP1-01-02, SCR2-01-01","1, 1, 1, 1, 1, 1, 2, 1",,,Lápis - Corpo (Tampografia - 40 x 5),2,0,,51716_1_1_1.png,false,,,,,false,false,false,,"[object Object],[object Object],[object Object],[object Object],[object Object]",[object Object],[object Object],,SPOT,11/18/2024 09:03:06,false,51716-150
"1, 1, 1, 3, 1, 1, 1",57078,CASSINI 4'0. Bateria portátil com carregador wireless em alumínio 100% reciclado 4'000 mAh,CASSINI 4.0,"Bateria portátil com carregador wireless em alumínio 100% reciclado. Bateria de polímero de lítio com capacidade de 4'000 mAh e tempo de vida de ≥ 500 ciclos. Com LED indicador de carga, uma porta de entrada USB-C, uma porta de saída USB-A e potência de carregamento sem fios de 5W. Incluso cabo USB-C para carregar a bateria. Fornecida em caixa presente. 123 x 70 x 10 mm","Bateria portátil com carregador wireless em alumínio 100% reciclado. Bateria de polímero de lítio com capacidade de 4.000 mAh e tempo de vida de ≥ 500 ciclos. Com LED indicador de carga, uma porta de entrada USB-C, uma porta de saída USB-A e potência de carregamento sem fios de 5W. Incluso cabo USB-C para carregar a bateria. Fornecida em caixa presente",CASSINI 4.0. Bateria portátil com carregador wireless em alumínio 100% reciclado 4.000 mAh,CASSINI 4.0. BATERIA PORTÁTIL COM CARREGADOR WIRELESS EM ALUMÍNIO 100% RECICLADO 4.000 MAH,false,true,false,false,123 x 70 x 10 mm,,false,true,2.8,2.7,1.7,0.280X0.270X0.170,7,0.013,40,20,1,8507.60.00,Tecnologia,3,Baterias,24,57078_set.jpg,57078_127_box.jpg,,,,"57078_set.jpg, 57078_103.jpg, 57078_127_box.jpg, 57078_amb.jpg, 57078_a.jpg, 57078_104.jpg, 57078_105.jpg, 57078_105-b.jpg, 57078_105-c.jpg, 57078_105-d.jpg, 57078_127.jpg, 57078_133.jpg",hi!dea™,China,false,"Fornecido em caixa de oferta, LED, Our nature, Carregador wireless",,,,,Polybag,1,Sem polybag,,,Alumínio,,,,0,,,"carregador portátil, carregadores portáteis, baterias portáteis, powerbank, powerbanks, power bank, power banks, 97078, bluetooth, 11104","57909, 57344, 97166, 97167, 97171, 97172",,,,,,"Azul, Cinza escuro, Cromado satinado, Preto, Vermelho",Bateria portátil,Bateria portátil,"Frente, Verso",Frente,35 x 25,"Bateria portátil - Frente, Bateria portátil - Verso","Laser, Tampografia, Silk Screen",Laser,"LSR1-01, LSR1-02, LSR1-03, PDP2-01, LSR1-04, LSR1-05, SCR2-01",LSR1-01-01,"LSR1-01-01, LSR1-02-01, LSR1-03-01, PDP2-01-01, PDP2-01-02, PDP2-01-03, LSR1-04-01, LSR1-05-01, SCR2-01-01","1, 1, 1, 1, 2, 3, 1, 1, 1",,,Bateria portátil - Frente (Laser - 35 x 25),1,0,,57078_1_1_1.png,false,,,,,false,false,false,,"[object Object],[object Object],[object Object],[object Object],[object Object]","[object Object],[object Object],[object Object],[object Object]",[object Object],,"SPOT,Últimas Chegadas,Our Nature",11/18/2024 09:03:06,false,57078-103
"1, 1, 1, 3",57252,FLOREY II. Caixa de som em alumínio com microfone em alumínio 100% reciclado,FLOREY II,"Caixa de som portátil com microfone, em alumínio 100% reciclado e detalhes em ABS 100% reciclado. Transmissão sem fios BT v5'0 e leitor de cartões microSD com 3W. Bateria com 400 mAh e autonomia aproximada de 3h. Função para atender chamadas, controle de volume e conexão à playlist do dispositivo móvel. Incluso cabo micro USB para carregar. Fornecido em caixa presente de papel kraft reciclado que pode ser reutilizada como suporte de celular. ø71 x 42 mm | Caixa: 80 x 80 x 60 mm","Caixa de som portátil com microfone, em alumínio 100% reciclado e detalhes em ABS 100% reciclado. Transmissão sem fios BT v5.0 e leitor de cartões microSD com 3W. Bateria com 400 mAh e autonomia aproximada de 3h. Função para atender chamadas, controle de volume e conexão à playlist do dispositivo móvel. Incluso cabo micro USB para carregar. Fornecido em caixa presente de papel kraft reciclado que pode ser reutilizada como suporte de celular",FLOREY II. Caixa de som em alumínio com microfone em alumínio 100% reciclado,FLOREY II. CAIXA DE SOM EM ALUMÍNIO COM MICROFONE EM ALUMÍNIO 100% RECICLADO,false,true,false,false,"ø71 x 42 mm | Caixa: 80 x 80 x 60 mm",,false,true,3.5,3.5,3.7,0.350X0.350X0.370,14.7,0.045,50,25,1,8518.21.00,Tecnologia,3,Mini Colunas,133,57252_set.jpg,57252_box.jpg,,,,"57252_set.jpg, 57252_103-logo.jpg, 57252_box.jpg, 57252_amb.jpg, 57252_103.jpg, 57252_104.jpg, 57252_109.jpg, 57252_127.jpg",hi!dea™,China,false,"Transmissão sem fios BT, Fornecido em caixa de oferta, Our nature, Leitor TF, ABS reciclado",,,,,Coluna em polybag,1,Polybag com 25 un.,,,Alumínio,,,,0,,,"caixas de som, caixa de som portátil, caixas de som portáteis, 97252, colunas de som, coluna de som, bluetooth, 11105","57253, 97097",,,,,,"Azul, Cromado satinado, Preto, Verde",Coluna,Coluna,Lateral,Lateral,20 x 15,Coluna - Lateral,"Laser, Tampografia",Laser,"LSR1-01, LSR1-02, LSR1-03, PDP2-01",LSR1-01-01,"LSR1-01-01, LSR1-02-01, LSR1-03-01, PDP2-01-01, PDP2-01-02, PDP2-01-03","1, 1, 1, 1, 2, 3",,,Coluna - Lateral (Laser - 20 x 15),1,0,,57252_1_1_1.png,false,,,,,false,false,false,,"[object Object],[object Object],[object Object],[object Object],[object Object]","[object Object],[object Object],[object Object]",[object Object],,"SPOT,Últimas Chegadas,Our Nature",11/18/2024 09:03:06,false,57252-103
"4, 4, 4, 3, 1",57906,HYPER. Carregador wireless rápido em ABS e silicone,HYPER,Carregador wireless super rápido em ABS e silicone. Com entrada USB-C e potência máxima de carregamento de 15W. Incluso cabo USB-C para carregar. Compatível com dispositivos móveis com tecnologia de carregamento sem fios. Fornecido em caixa presente. ø69 x 10 mm,Carregador wireless super rápido em ABS e silicone. Com entrada USB-C e potência máxima de carregamento de 15W. Incluso cabo USB-C para carregar. Compatível com dispositivos móveis com tecnologia de carregamento sem fios. Fornecido em caixa presente,HYPER. Carregador wireless rápido em ABS e silicone,HYPER. CARREGADOR WIRELESS RÁPIDO EM ABS E SILICONE,false,true,false,false,ø69 x 10 mm,,false,true,6.6,3.9,3.1,0.660X0.390X0.310,13.7,0.08,100,50,1,8504.40.10,Tecnologia,3,Carregadores e adaptadores,132,57906_set.jpg,,,,,"57906_set.jpg, 57906_103.jpg, 57906_106.jpg, 57906_106-c.jpg, 57906_114.jpg",hi!dea™,China,false,"Fornecido em caixa de oferta, Carregador wireless",,,,,,1,Caixa preta com janela,,,ABS e silicone,,,,0,,,"carregadores, carregador sem fio, carregadores sem fios, celular, celulares, 97906, certificado",57910,,,,,,"Azul royal, Branco, Preto",Carregador wireless,Carregador wireless,"Superior, Verso",Superior,40 x 40,"Carregador wireless - Superior, Carregador wireless - Verso","UV Digital, Tampografia, Silk Screen",Tampografia,"DUV1-01, DUV1-02, DUV1-03, PDP2-01, SCR1-01",PDP2-01-01,"DUV1-01-F, DUV1-02-F, DUV1-03-F, PDP2-01-01, PDP2-01-02, PDP2-01-03, SCR1-01-01","4, 4, 4, 1, 2, 3, 1",,,Carregador wireless - Superior (Tampografia - 40 x 40),3,0,,57906_1_1_1.png,false,,,,,false,false,false,,"[object Object],[object Object],[object Object],[object Object],[object Object]","[object Object],[object Object],[object Object]",[object Object],,"SPOT,Últimas Chegadas",11/18/2024 09:03:06,false,57906-103
"4, 4, 4, 4, 4, 4",58377,CALIFORNIA. Toalha de praia em microfibra (250 g/m²),CALIFORNIA,"Toalha de praia em microfibra (250 g/m²). Fornecida com sacola em non-woven (80 g/m²). 1500 x 750 mm | Sacola: 330 x 415 x 100 mm",Toalha de praia em microfibra (250 g/m²). Fornecida com sacola em non-woven (80 g/m²),CALIFORNIA. Toalha de praia em microfibra (250 g/m²),CALIFORNIA. TOALHA DE PRAIA EM MICROFIBRA (250 G/M²),false,true,false,false,"1500 x 750 mm | Sacola: 330 x 415 x 100 mm",,false,true,4.6,3.8,4.7,0.460X0.380X0.470,9.06,0.082,250,50,1,6302.93.00,Sol & Chuva,11,Toalhas de Praia,0320,58377_set.jpg,,,58377_104-pouch.jpg,,"58377_set.jpg, 58377.jpg, 58377_104.jpg, 58377_104-pouch.jpg, 58377_105.jpg, 58377_105-pouch.jpg, 58377_106.jpg, 58377_108.jpg, 58377_108-pouch.jpg, 58377_119.jpg, 58377_119-pouch.jpg, 58377_124.jpg, 58377_124-pouch.jpg, 58377_131.jpg, 58377_131-pouch.jpg, 58377_133.jpg, 58377_133-pouch.jpg",hi!dea™,China,false,,,,250 g/m²,,,1,Sem polybag,,,Microfibra: 250 g/m²,,,,0,,,"tolhas, toalhas praia","92513, 98293, 98320, 98375",,,,,,"Amarelo, Azul, Azul claro, Bege, Branco, Cinza escuro, Verde claro, Vermelho","Toalha,Sacola",Toalha,"Toalha, Frente, Verso",Frente,280 x 200,"Toalha - Toalha, Sacola - Frente, Sacola - Verso","Transfer, Silk screen têxtil",Transfer,"TRS1-01, TRS1-02, TRS1-03, TRS1-04, TRS1-05, TXP1-01",TRS1-01-01,"TRS1-01-01, TRS1-01-02, TRS1-01-03, TRS1-01-04, TRS1-01-F, TRS1-02-01, TRS1-02-02, TRS1-02-03, TRS1-02-04, TRS1-02-F, TRS1-03-01, TRS1-03-02, TRS1-03-03, TRS1-03-04, TRS1-03-F, TRS1-04-01, TRS1-04-02, TRS1-04-03, TRS1-04-04, TRS1-04-F, TRS1-05-01, TRS1-05-02, TRS1-05-03, TRS1-05-04, TRS1-05-F, TXP1-01-01, TXP1-01-02, TXP1-01-03, TXP1-01-04","1, 2, 3, 4, 4, 1, 2, 3, 4, 4, 1, 2, 3, 4, 4, 1, 2, 3, 4, 4, 1, 2, 3, 4, 4, 1, 2, 3, 4",,,Toalha - Toalha (Transfer - 280 x 200),4,0,,58377_1_1_1.png,false,,,,,false,false,false,,"[object Object],[object Object],[object Object],[object Object],[object Object]","[object Object],[object Object],[object Object],[object Object],[object Object],[object Object],[object Object],[object Object]","[object Object],[object Object]",,SPOT,11/18/2024 09:03:06,false,58377-104
"1, 1, 4",81156,CLARE. Esferográfica em alumínio e mecanismo twist,CLARE,Esferográfica em alumínio com mecanismo twist e clipe de metal. Disponível em elegantes cores. Até 2 km de escrita. Escrita em preto. ø10 x 140 mm,Esferográfica em alumínio com mecanismo twist e clipe de metal. Disponível em elegantes cores. Até 2 km de escrita. Escrita em preto,CLARE. Esferográfica em alumínio e mecanismo twist,CLARE. ESFEROGRÁFICA EM ALUMÍNIO E MECANISMO TWIST,false,true,false,false,ø10 x 140 mm,,false,true,3,2.5,1.9,0.300X0.250X0.190,11.5,0.015,500,50,1,96081000,Escrita,2,Esferográficas em Metal,0131,81156_set.jpg,,,,,"81156_set.jpg, 81156_106.jpg, 81156_amb.jpg, 81156_103.jpg, 81156_104.jpg, 81156_104-a.jpg, 81156_112.jpg, 81156_137.jpg, 81156_137-a.jpg, 81156_167.jpg",hi!dea™,China,false,"Escrita a preto, Mecanismo twist",,"MSDS, REACH",,,Polybag,22,Polybag,,,Alumínio,,,0,0,Preto,,"caneta, canetas, esferográficas, certificado, certificados","81000, 81147, 81155",,,,,,"Azul, Branco, Champanhe, Dourado satinado, Preto, Rosa claro",Esferográfica,Esferográfica,"Lateral clipe, Corpo, Superior, Corpo 2, Superior 2",Corpo,40 x 6,"Esferográfica - Lateral clipe, Esferográfica - Corpo, Esferográfica - Superior, Esferográfica - Corpo 2, Esferográfica - Superior 2","Laser, Tampografia",Laser,"LSR1-01, LSR1-02, PDP5-01",LSR1-01-01,"LSR1-01-01, LSR1-02-01, PDP5-01-01, PDP5-01-02, PDP5-01-03, PDP5-01-04","1, 1, 1, 2, 3, 4",,,Esferográfica - Corpo (Laser - 40 x 6),1,0,,81156_1_1_1.png,false,,,,,false,false,false,,"[object Object],[object Object],[object Object],[object Object],[object Object]","[object Object],[object Object],[object Object],[object Object],[object Object],[object Object]",[object Object],cert_81156.zip,"Últimas Chegadas,SPOT",11/18/2024 09:03:06,false,81156-103
"1, 1",92138,PHUKET. Mala de viagem executivo em ABS com interior forrado,PHUKET,"Mala de viagem executivo em ABS com interior forrado, com divisória. Fecho de segurança com senha na lateral, 4 rodas giratórias, pega extensível em alumínio, com mola (altura da pega estendida até 435 mm) e placa metálica removível, para fácil gravação. Mala com capacidade até 36 L e peso de 2.80 kg. 370 x 570 x 220 mm | Placa: 60 x 15 mm","Mala de viagem executivo em ABS com interior forrado, com divisória. Fecho de segurança com senha na lateral, 4 rodas giratórias, pega extensível em alumínio, com mola (altura da pega estendida até 435 mm) e placa metálica removível, para fácil gravação. Mala com capacidade até 36 L e peso de 2,80 kg",PHUKET. Mala de viagem executivo em ABS com interior forrado,PHUKET. MALA DE VIAGEM EXECUTIVO EM ABS COM INTERIOR FORRADO,false,true,false,false,"370 x 570 x 220 mm | Placa: 60 x 15 mm",,false,true,4,2.3,5.8,0.400X0.230X0.580,3.8,0.053,1,0,1,4202.19.00,"Mochilas, Malas & Pastas",5,Trolleys,200,92138_set.jpg,,,,,"92138_set.jpg, 92138_103-a.jpg, 92138_amb.jpg, 92138_103.jpg, 92138_103-c.jpg, 92138_103-d.jpg, 92138_103-e.jpg",hi!dea™,China,false,Pega com mola,,,,,Polybag,1,Sem polybag,,,ABS,,,,,,,"malas, viagens, trolley","92140, 92144, 92159, 92160",,,,,36 L,Preto,Trolley,Trolley,Placa,Placa,48 x 9,Trolley - Placa,Laser,Laser,"LSR1-01, LSR1-02",LSR1-01-01,"LSR1-01-01, LSR1-02-01","1, 1",,,Trolley - Placa (Laser - 48 x 9),1,0,,92138_1_1_1.png,false,,,,,false,false,false,,"[object Object],[object Object],[object Object],[object Object],[object Object]",[object Object],[object Object],,"SPOT,Últimas Chegadas",11/18/2024 09:03:06,false,92138-103
"1, 1, 1",92186,BUENOS AIRES. Mala de viagem executivo em ABS com interior forrado,BUENOS AIRES,"Mala de viagem executivo em ABS com interior forrado, com divisória. Fecho de segurança com senha na lateral, 4 rodas duplas giratórias, pega extensível em metal, com mola (altura pega estendida até 520 mm) e placa metálica removível, para fácil gravação. A mala tem capacidade até 37 L e peso de 2.50 kg. 355 x 555 x 225 mm | Placa: 29 x 29 mm","Mala de viagem executivo em ABS com interior forrado, com divisória. Fecho de segurança com senha na lateral, 4 rodas duplas giratórias, pega extensível em metal, com mola (altura pega estendida até 520 mm) e placa metálica removível, para fácil gravação. A mala tem capacidade até 37 L e peso de 2,50 kg",BUENOS AIRES. Mala de viagem executivo em ABS com interior forrado,BUENOS AIRES. MALA DE VIAGEM EXECUTIVO EM ABS COM INTERIOR FORRADO,false,true,false,false,"355 x 555 x 225 mm | Placa: 29 x 29 mm",,false,true,3.6,2.4,5.6,0.360X0.240X0.560,3.3,0.048,1,0,1,4202.12.10,"Mochilas, Malas & Pastas",5,Trolleys,200,92186_set.jpg,,,,,"92186_set.jpg, 92186_103-a.jpg, 92186_amb.jpg, 92186_103.jpg, 92186_127.jpg, 92186_127-a.jpg, 92186_127-c.jpg, 92186_127-d.jpg, 92186_127-e.jpg",hi!dea™,China,false,Pega com mola,,,,,Polybag,1,Sem polybag,,,ABS,,,,,,,"malas, viagens, trolley","92138, 92140",,,,,37 L,"Cromado satinado, Preto",Trolley,Trolley,Placa,Placa,20 x 13,Trolley - Placa,Laser,Laser,"LSR1-01, LSR1-02, LSR1-03",LSR1-01-01,"LSR1-01-01, LSR1-02-01, LSR1-03-01","1, 1, 1",,,Trolley - Placa (Laser - 20 x 13),1,0,,92186_1_1_1.png,false,,,,,false,false,false,,"[object Object],[object Object],[object Object],[object Object],[object Object]","[object Object],[object Object]",[object Object],,SPOT,11/18/2024 09:03:06,false,92186-103
"4, 4, 4, 4",92290,SEATTLE. Pasta para notebook 14'' em soft shell de alta densidade,SEATTLE,Pasta para notebook em soft shell de alta densidade para notebook até 14'' com bolso frontal com zíper. 370 x 280 x 30 mm,Pasta para notebook em soft shell de alta densidade para notebook até 14'' com bolso frontal com zíper,SEATTLE. Pasta para notebook 14'' em soft shell de alta densidade,SEATTLE. PASTA PARA NOTEBOOK 14'' EM SOFT SHELL DE ALTA DENSIDADE,false,true,false,false,370 x 280 x 30 mm,,false,true,6.5,3.8,4.1,0.650X0.380X0.410,14.3,0.101,50,25,1,4202.12.20,"Mochilas, Malas & Pastas",5,Bolsas para PC/ Tablet,174,92290_set.jpg,,,,,"92290_set.jpg, 92290_103-c.jpg, 92290_amb.jpg, 92290_103.jpg",hi!dea™,China,false,,,,,,,26,Sem polybag,,,Soft shell de alta densidade,,,0,,,,"pastas, pastas para notebook, certificado","92314, 92352",,,,,,Preto,Pasta,Pasta,Frente,Frente,200 x 100,Pasta - Frente,Transfer,Transfer,"TRS2-01, TRS2-02, TRS2-03, TRS2-04",TRS2-01-01,"TRS2-01-01, TRS2-01-02, TRS2-01-03, TRS2-01-04, TRS2-01-F, TRS2-02-01, TRS2-02-02, TRS2-02-03, TRS2-02-04, TRS2-02-F, TRS2-03-01, TRS2-03-02, TRS2-03-03, TRS2-03-04, TRS2-03-F, TRS2-04-01, TRS2-04-02, TRS2-04-03, TRS2-04-04, TRS2-04-F","1, 2, 3, 4, 4, 1, 2, 3, 4, 4, 1, 2, 3, 4, 4, 1, 2, 3, 4, 4",,,Pasta - Frente (Transfer - 200 x 100),4,0,,92290_1_1_1.png,false,,,,,false,false,false,,"[object Object],[object Object],[object Object],[object Object],[object Object]",[object Object],[object Object],,SPOT,11/18/2024 09:03:06,false,92290-103
"4, 4, 4",92313,LARSON. Bolsa para tablet,LARSON,Bolsa para tablet de 7'' em soft shell de alta densidade. 152 x 218 mm,Bolsa para tablet de 7'' em soft shell de alta densidade,LARSON. Bolsa para tablet,LARSON. BOLSA PARA TABLET,false,true,false,false,152 x 218 mm,,false,true,5,3.5,4.3,0.50x0.35x0.43,13.09,0.075,0,100,1,4202.32.00,Tecnologia,0029,Bolsas para PC/ Tablet,174,92313_set.jpg,,,,,"92313_set.jpg, 92313_103-c.jpg, 92313_103.jpg, 92313_114.jpg, 92313_114-c.jpg, 92313_123.jpg, 92313_123-c.jpg, 92313_123-d.jpg",hi!dea™,,false,,,,,,Sem polybag,1,,,,Soft shell de alta densidade,,,,,,,"bolsas, bolsas para tablet, tablet, tablets","92290, 92314, 92352",,,,,,"Azul royal, Cinza claro, Preto",Bolsa tablet,Bolsa tablet,"Frente, Verso",Frente,90 x 140,"Bolsa tablet - Frente, Bolsa tablet - Verso",Transfer,Transfer,"TRS1-01, TRS1-02, TRS1-03",TRS1-01-01,"TRS1-01-01, TRS1-01-02, TRS1-01-03, TRS1-01-04, TRS1-01-F, TRS1-02-01, TRS1-02-02, TRS1-02-03, TRS1-02-04, TRS1-02-F, TRS1-03-01, TRS1-03-02, TRS1-03-03, TRS1-03-04, TRS1-03-F","1, 2, 3, 4, 4, 1, 2, 3, 4, 4, 1, 2, 3, 4, 4",,,Bolsa tablet - Frente (Transfer - 90 x 140),4,0,,92313_1_1_1.png,false,,,,,true,false,false,3.9,[object Object],"[object Object],[object Object]",[object Object],,"Stockout,Stockout",11/04/2024 11:44:22,false,92313-114
"4, 4, 4, 4, 4",92352,"AVERY. Bolsa para notebook 14"" em soft shell",AVERY,Bolsa em soft shell para notebook até 14''. 355 x 280 x 30 mm,Bolsa em soft shell para notebook até 14'',"AVERY. Bolsa para notebook 14"" em soft shell","AVERY. BOLSA PARA NOTEBOOK 14"" EM SOFT SHELL",false,true,false,false,355 x 280 x 30 mm,,false,true,6.3,4.6,4.1,0.630X0.460X0.410,9.95,0.106,100,50,1,4202.32.00,"Mochilas, Malas & Pastas",5,Bolsas para PC/ Tablet,174,92352_set.jpg,,,,,"92352_set.jpg, 92352_103.jpg, 92352_103-a.jpg, 92352_103-c.jpg",hi!dea™,China,false,,,,,,,89,Sem polybag,,,Soft shell,,,0,0,,,"bolsas, bolsas para notebook, 28061, certificado",,,,,,,Preto,Bolsa computador,Bolsa computador,"Frente, Verso",Frente,260 x 190,"Bolsa computador - Frente, Bolsa computador - Verso",Transfer,Transfer,"TRS2-01, TRS2-02, TRS2-03, TRS2-04, TRS2-05",TRS2-01-01,"TRS2-01-01, TRS2-01-02, TRS2-01-03, TRS2-01-04, TRS2-01-F, TRS2-02-01, TRS2-02-02, TRS2-02-03, TRS2-02-04, TRS2-02-F, TRS2-03-01, TRS2-03-02, TRS2-03-03, TRS2-03-04, TRS2-03-F, TRS2-04-01, TRS2-04-02, TRS2-04-03, TRS2-04-04, TRS2-04-F, TRS2-05-01, TRS2-05-02, TRS2-05-03, TRS2-05-04, TRS2-05-F","1, 2, 3, 4, 4, 1, 2, 3, 4, 4, 1, 2, 3, 4, 4, 1, 2, 3, 4, 4, 1, 2, 3, 4, 4",,,Bolsa computador - Frente (Transfer - 260 x 190),4,0,,92352_1_1_1.png,false,,,,,false,false,false,,"[object Object],[object Object],[object Object],[object Object],[object Object]",[object Object],[object Object],,"SPOT,Últimas Chegadas",11/18/2024 09:03:06,false,92352-103
"4, 4, 4",92544,MUZEUL. Bolsa de cintura em 300D de alta densidade,MUZEUL,"Bolsa de cintura em 300D de alta densidade. Compartimento principal com fecho e bolso interior em rede elástica e bolso na parte posterior de fácil acesso, ideal para guardar os bens com maior segurança. A parte frontal contém um bolso em rede elástica, um bolso com pala, botão para fecho e um elástico na lateral, indicado para pendurar mosquetões ou óculos de sol. A alça é ajustável em webbing com fecho. 270 x 120 x 65 mm","Bolsa de cintura em 300D de alta densidade. Compartimento principal com fecho e bolso interior em rede elástica e bolso na parte posterior de fácil acesso, ideal para guardar os bens com maior segurança. A parte frontal contém um bolso em rede elástica, um bolso com pala, botão para fecho e um elástico na lateral, indicado para pendurar mosquetões ou óculos de sol. A alça é ajustável em webbing com fecho",MUZEUL. Bolsa de cintura em 300D de alta densidade,MUZEUL. BOLSA DE CINTURA EM 300D DE ALTA DENSIDADE,false,true,false,false,270 x 120 x 65 mm,,false,true,4.3,3.3,3.3,0.430X0.330X0.330,9.3,0.048,50,1,1,4202.22.20,"Mochilas, Pastas & Sacolas",0032,Bolsas Multiusos,1130,92544_set.jpg,,,,,"92544_set.jpg, 92544_113-a.jpg, 92544_113.jpg",hi!dea™,China,false,,,REACH,,,,160,,,,300D,,,0,0,,,"bolsas de cintura, 28062, certificado, certificados",92545,,,,,,Cinza,Bolsa,Bolsa,"Topo, Verso",Topo,100 x 35,"Bolsa - Topo, Bolsa - Verso",Transfer,Transfer,"TRS1-01, TRS1-02, TRS1-03",TRS1-01-01,"TRS1-01-01, TRS1-01-02, TRS1-01-03, TRS1-01-04, TRS1-01-F, TRS1-02-01, TRS1-02-02, TRS1-02-03, TRS1-02-04, TRS1-02-F, TRS1-03-01, TRS1-03-02, TRS1-03-03, TRS1-03-04, TRS1-03-F","1, 2, 3, 4, 4, 1, 2, 3, 4, 4, 1, 2, 3, 4, 4",,,Bolsa - Topo (Transfer - 100 x 35),4,0,,92544_1_1_1.png,false,,,,,true,false,false,22.13,[object Object],[object Object],[object Object],cert_92544.zip,Stockout,11/18/2024 09:03:06,false,92544-113
"4, 4, 4",92724,WILLIS. Bolsa de comésticos em microfibra,WILLIS,Bolsa de cosméticos em microfibra com vários bolsos interiores e gancho de pendurar. 200 x 160 x 85 mm,Bolsa de cosméticos em microfibra com vários bolsos interiores e gancho de pendurar,WILLIS. Bolsa de comésticos em microfibra,WILLIS. BOLSA DE COMÉSTICOS EM MICROFIBRA,false,true,false,false,200 x 160 x 85 mm,,false,true,5,4.1,4.1,0.500X0.410X0.410,12.7,0.086,100,50,1,4202.92.00,Pessoal & Viagem,6,Bolsas de Cosméticos,1132,92724_set.jpg,,,,,"92724_set.jpg, 92724_103-c.jpg, 92724_103.jpg, 92724_104.jpg, 92724_131.jpg",hi!dea™,China,false,,,,,,,108,Sem polybag,,,Microfibra,,,0,0,,,"necesser, bolsa, bolsas, viagem, necessaires, certificado",,,,,,,"Azul, Bege, Preto",Bolsa cosméticos,Bolsa cosméticos,"Frente, Verso",Frente,120 x 60,"Bolsa cosméticos - Frente, Bolsa cosméticos - Verso",Transfer,Transfer,"TRS2-01, TRS2-02, TRS2-03",TRS2-01-01,"TRS2-01-01, TRS2-01-02, TRS2-01-03, TRS2-01-04, TRS2-01-F, TRS2-02-01, TRS2-02-02, TRS2-02-03, TRS2-02-04, TRS2-02-F, TRS2-03-01, TRS2-03-02, TRS2-03-03, TRS2-03-04, TRS2-03-F","1, 2, 3, 4, 4, 1, 2, 3, 4, 4, 1, 2, 3, 4, 4",,,Bolsa cosméticos - Frente (Transfer - 120 x 60),4,0,,92724_1_1_1.png,false,,,,,false,false,false,,"[object Object],[object Object],[object Object],[object Object],[object Object]","[object Object],[object Object],[object Object]",[object Object],,"SPOT,Últimas Chegadas",11/18/2024 09:03:06,false,92724-103
"4, 4, 4, 4, 4, 4, 4",92869,FERIA. Sacola 100% algodão (180 g/m²),FERIA,Sacola 100% algodão (180 g/m²) com alças de 60 cm em cortiça e com bolso interior. 450 x 400 x 105 mm,Sacola 100% algodão (180 g/m²) com alças de 60 cm em cortiça e com bolso interior,FERIA. Sacola 100% algodão (180 g/m²),FERIA. SACOLA 100% ALGODÃO (180 G/M²),false,true,false,false,450 x 400 x 105 mm,,false,true,4.8,4.3,2.6,0.480X0.430X0.260,11.7,0.054,100,10,1,4202.92.00,Sacolas & Bolsas Térmicas,9,Sacos de Compras Algodão,190,92869_set.jpg,,,,,"92869_set.jpg, 92869_160-a-logo.jpg, 92869_amb.jpg, 92869_160.jpg, 92869_160-a.jpg",hi!dea™,China,false,,,REACH,,,Polybag,105,Sem polybag,,,100% algodão,,,0,0,,,"sacolas, saco, mala, malas, compras, shopping, ecologic, ecologico, ecológicos, eco, produtos eco, sustentável, sustentáveis, certificado, certificados","92882, 92924, 92927, 92932",,,,,,Natural,Sacola,Sacola,"Frente, Verso, Bolso interior",Frente,,"Sacola - Frente, Sacola - Verso, Sacola - Bolso interior","Transfer, Silk screen têxtil",,"TRS1-01, TRS1-02, TRS1-03, TRS1-04, TRS1-05, TXP1-01, TXP1-02",,"TRS1-01-01, TRS1-01-02, TRS1-01-03, TRS1-01-04, TRS1-01-F, TRS1-02-01, TRS1-02-02, TRS1-02-03, TRS1-02-04, TRS1-02-F, TRS1-03-01, TRS1-03-02, TRS1-03-03, TRS1-03-04, TRS1-03-F, TRS1-04-01, TRS1-04-02, TRS1-04-03, TRS1-04-04, TRS1-04-F, TRS1-05-01, TRS1-05-02, TRS1-05-03, TRS1-05-04, TRS1-05-F, TXP1-01-01, TXP1-01-02, TXP1-01-03, TXP1-01-04, TXP1-02-01, TXP1-02-02, TXP1-02-03, TXP1-02-04","1, 2, 3, 4, 4, 1, 2, 3, 4, 4, 1, 2, 3, 4, 4, 1, 2, 3, 4, 4, 1, 2, 3, 4, 4, 1, 2, 3, 4, 1, 2, 3, 4",,,,,0,,,false,,,,,false,false,false,,"[object Object],[object Object],[object Object],[object Object],[object Object]",[object Object],[object Object],cert_92869.zip,SPOT,11/18/2024 09:03:06,false,92869-160
"4, 4, 4, 4, 4, 4, 4, 4",92998,PERTINA. Sacola dobrável em non-woven (80 g/m²),PERTINA,"Sacola dobrável em non-woven (80 g/m²) com alças de 65 cm. Fornecida desdobrada. Dobrado: 200 x 120 mm | Aberto: 400 x 450 x 200 mm",Sacola dobrável em non-woven (80 g/m²) com alças de 65 cm. Fornecida desdobrada,PERTINA. Sacola dobrável em non-woven (80 g/m²),PERTINA. SACOLA DOBRÁVEL EM NON-WOVEN (80 G/M²),false,true,false,false,"Dobrado: 200 x 120 mm | Aberto: 400 x 450 x 200 mm",,false,true,5.5,5,5,0.550X0.500X0.500,15,0.138,200,50,1,4202.92.00,Sacolas & Bolsas Térmicas,9,Sacos de Compras Non-woven,193,92998_set.jpg,,,,,"92998_set.jpg, 92998_105-c.jpg, 92998_105.jpg, 92998_105-a.jpg, 92998_106.jpg, 92998_106-a.jpg, 92998_106-c.jpg, 92998_109.jpg, 92998_109-a.jpg, 92998_109-c.jpg, 92998_134.jpg, 92998_134-a.jpg, 92998_134-c.jpg",hi!dea™,China,false,,,REACH,80 g/m²,,Polybag,72,Sem polybag,,,Non-woven: 80 g/m²,,,0,,,,"sacolas, sacolas dobráveis, mala, malas, compras, shopping, tnt, 11125, certificado, certificados",,,,,,,"Azul marinho, Branco, Verde, Vermelho",Sacola,Sacola,"Frente, Bolso lateral, Pala, Verso",Frente,270 x 260,"Sacola - Frente, Sacola - Bolso lateral, Sacola - Pala, Sacola - Verso","Transfer, Silk screen têxtil",Silk screen têxtil,"TRS3-01, TRS3-02, TRS3-03, TRS3-04, TRS3-05, TRS3-06, TXP1-01, TXP1-02",TXP1-02-01,"TRS3-01-01, TRS3-01-02, TRS3-01-03, TRS3-01-04, TRS3-01-F, TRS3-02-01, TRS3-02-02, TRS3-02-03, TRS3-02-04, TRS3-02-F, TRS3-03-01, TRS3-03-02, TRS3-03-03, TRS3-03-04, TRS3-03-F, TRS3-04-01, TRS3-04-02, TRS3-04-03, TRS3-04-04, TRS3-04-F, TRS3-05-01, TRS3-05-02, TRS3-05-03, TRS3-05-04, TRS3-05-F, TRS3-06-01, TRS3-06-02, TRS3-06-03, TRS3-06-04, TRS3-06-F, TXP1-01-01, TXP1-01-02, TXP1-01-03, TXP1-01-04, TXP1-02-01, TXP1-02-02, TXP1-02-03, TXP1-02-04","1, 2, 3, 4, 4, 1, 2, 3, 4, 4, 1, 2, 3, 4, 4, 1, 2, 3, 4, 4, 1, 2, 3, 4, 4, 1, 2, 3, 4, 4, 1, 2, 3, 4, 1, 2, 3, 4",,,Sacola - Frente (Silk screen têxtil - 270 x 260),1,0,,92998_1_1_1.png,false,,,,,false,false,false,,"[object Object],[object Object],[object Object],[object Object],[object Object]","[object Object],[object Object]",[object Object],,SPOT,11/18/2024 09:03:06,false,92998-106
"4, 4, 4, 4, 1, 4, 4, 5, 5",93422,BRONTE. Caderno A7 em cartão com folhas lisas,BRONTE,"Caderno A7 de capa dura em cartão, 70 folhas lisas em papel reciclado e elástico. Incluso lápis com borracha na ponta. 82 x 105 mm","Caderno A7 de capa dura em cartão, 70 folhas lisas em papel reciclado e elástico. Incluso lápis com borracha na ponta",BRONTE. Caderno A7 em cartão com folhas lisas,BRONTE. CADERNO A7 EM CARTÃO COM FOLHAS LISAS,false,true,false,false,82 x 105 mm,,false,true,3.6,2.7,2.4,0.360X0.270X0.240,9,0.023,160,20,1,48202000,Escritório,4,Blocos Ecológicos,1631,93422_set.jpg,,,,,"93422_set.jpg, 93422_103-logo.jpg, 93422_103.jpg, 93422_105.jpg, 93422_106.jpg, 93422_106-a.jpg, 93422_119.jpg, 93422_134.jpg, 93422_150.jpg, 93422_150-a.jpg",hi!dea™,China,false,"Tamanho A7, Folhas Lisas, Our nature, Papel Reciclado",,REACH,,,Polybag,51,Sem polybag,,,Cartão,,,0,0,,,"cadernos, blocos, notebooks, certificado, certificados","93427, 93428, 93461, 93485",,,,,,"Azul marinho, Branco, Natural claro, Preto, Verde claro, Vermelho","Bloco,Lápis",Bloco,"Frente, Verso, Corpo",Corpo,40 x 80,"Bloco - Frente, Bloco - Verso, Lápis - Corpo","UV Digital, Silk Screen, Transfer, Tampografia",UV Digital,"DUV1-01, DUV1-02, DUV1-03, DUV1-04, SCR1-01, TRS1-01, TRS1-02, PDP3-01, PDP2-01",DUV1-01-F,"DUV1-01-F, DUV1-02-F, DUV1-03-F, DUV1-04-F, SCR1-01-01, TRS1-01-01, TRS1-01-02, TRS1-01-03, TRS1-01-04, TRS1-01-F, TRS1-02-01, TRS1-02-02, TRS1-02-03, TRS1-02-04, TRS1-02-F, PDP3-01-01, PDP3-01-02, PDP3-01-03, PDP3-01-04, PDP3-01-05, PDP2-01-01, PDP2-01-02, PDP2-01-03, PDP2-01-04, PDP2-01-05","4, 4, 4, 4, 1, 1, 2, 3, 4, 4, 1, 2, 3, 4, 4, 1, 2, 3, 4, 5, 1, 2, 3, 4, 5",,,Bloco - Frente (UV Digital - 40 x 80),4,0,,93422_1_1_1.png,false,,,,,false,false,false,,"[object Object],[object Object],[object Object],[object Object],[object Object]","[object Object],[object Object],[object Object],[object Object],[object Object],[object Object]","[object Object],[object Object]",cert_93422.zip,"SPOT,Últimas Chegadas,Our Nature",11/18/2024 09:03:06,false,93422-103
"3, 4, 4, 4, 4, 4, 5",93715,ASIMOV. Caderno B6 espiral com folhas lisas,ASIMOV,"Caderno B6 espiral de capa dura em cartão, com 60 folhas lisas em papel reciclado e suporte para esferográfica (inclusa). 130 x 177 mm","Caderno B6 espiral de capa dura em cartão, com 60 folhas lisas em papel reciclado e suporte para esferográfica (inclusa)",ASIMOV. Caderno B6 espiral com folhas lisas,ASIMOV. CADERNO B6 ESPIRAL COM FOLHAS LISAS,false,true,false,false,130 x 177 mm,,false,true,3.8,3.4,2.7,0.380X0.340X0.270,12.5,0.031,100,20,1,4820.20.00,Escritório,4,Blocos Ecológicos,1631,93715_set.jpg,,,,,"93715_set.jpg, 93715_103.jpg, 93715_104.jpg, 93715_105.jpg, 93715_109.jpg",hi!dea™,China,false,"Escrita a azul, Tamanho B6, Folhas Lisas, Our nature, Papel kraft",,"MSDS, REACH",,,Polybag,112,Sem polybag,,,Papel craft,,,0,0,Azul,,"cadernos, blocos, notebooks, ecologic, ecologico, ecológicos, eco, produtos eco, sustentável, sustentáveis, certificado, certificados","93422, 93428",,,,,,"Azul, Preto, Verde, Vermelho","Bloco,Esferográfica",Bloco,"Frente, Verso, Corpo, Corpo 2",Corpo,70 x 160,"Bloco - Frente, Bloco - Verso, Esferográfica - Corpo, Esferográfica - Corpo 2","Silk Screen, Transfer, UV Digital, Tampografia",Transfer,"SCR3-01, TRS1-01, TRS1-02, TRS1-03, TRS1-04, DUV1-01, PDP1-01",TRS1-01-01,"SCR3-01-01, SCR3-01-02, SCR3-01-03, TRS1-01-01, TRS1-01-02, TRS1-01-03, TRS1-01-04, TRS1-01-F, TRS1-02-01, TRS1-02-02, TRS1-02-03, TRS1-02-04, TRS1-02-F, TRS1-03-01, TRS1-03-02, TRS1-03-03, TRS1-03-04, TRS1-03-F, TRS1-04-01, TRS1-04-02, TRS1-04-03, TRS1-04-04, TRS1-04-F, DUV1-01-F, PDP1-01-01, PDP1-01-02, PDP1-01-03, PDP1-01-04, PDP1-01-05","1, 2, 3, 1, 2, 3, 4, 4, 1, 2, 3, 4, 4, 1, 2, 3, 4, 4, 1, 2, 3, 4, 4, 4, 1, 2, 3, 4, 5",,,Bloco - Frente (Transfer - 70 x 160),4,0,,93715_1_1_1.png,false,,,,,false,false,false,,"[object Object],[object Object],[object Object],[object Object],[object Object]","[object Object],[object Object],[object Object],[object Object]","[object Object],[object Object]",cert_93715.zip,"SPOT,Últimas Chegadas,Our Nature",11/18/2024 09:03:06,false,93715-103
"4, 4, 4",93725,CARREY. Caderno A5 em canvas (poliéster) com folhas lisas,CARREY,"Caderno A5 de capa dura em canvas (poliéster). Contém 96 folhas lisas em cor marfim, fita separadora, elástico e suporte para esferográfica (não inclusa). Fornecido em bolsa de non-woven. 148 x 210 mm | Bolsa: 185 x 240 mm","Caderno A5 de capa dura em canvas (poliéster). Contém 96 folhas lisas em cor marfim, fita separadora, elástico e suporte para esferográfica (não inclusa). Fornecido em bolsa de non-woven",CARREY. Caderno A5 em canvas (poliéster) com folhas lisas,CARREY. CADERNO A5 EM CANVAS (POLIÉSTER) COM FOLHAS LISAS,false,true,false,false,"148 x 210 mm | Bolsa: 185 x 240 mm",,false,true,3.3,2.5,1.9,0.330X0.250X0.190,6.41,0.016,20,10,1,4820.20.00,Escritório,4,Blocos com Função,1630,93725_set.jpg,,,93725_103-pouch.jpg,,"93725_set.jpg, 93725_103-pouch.jpg, 93725_103.jpg, 93725_104.jpg, 93725_104-pouch.jpg, 93725_113.jpg, 93725_113-pouch.jpg, 93725_113-c.jpg",hi!dea™,China,false,"Tamanho A5, Folhas lisas cor marfim",,REACH,70 g/m²,,Bolsa em non-woven,285,Sem polybag,,,Algodão canvas sintético,,,0,0,,,"cadernos, blocos, notebooks, certificado, certificados","93726, 93734",,,,,,"Azul, Cinza, Preto",Bloco,Bloco,"Frente, Verso",Frente,95 x 140,"Bloco - Frente, Bloco - Verso",Transfer,Transfer,"TRS3-01, TRS3-02, TRS3-03",TRS3-01-01,"TRS3-01-01, TRS3-01-02, TRS3-01-03, TRS3-01-04, TRS3-01-F, TRS3-02-01, TRS3-02-02, TRS3-02-03, TRS3-02-04, TRS3-02-F, TRS3-03-01, TRS3-03-02, TRS3-03-03, TRS3-03-04, TRS3-03-F","1, 2, 3, 4, 4, 1, 2, 3, 4, 4, 1, 2, 3, 4, 4",,,Bloco - Frente (Transfer - 95 x 140),4,0,,93725_1_1_1.png,false,,,,,false,false,false,,"[object Object],[object Object],[object Object],[object Object],[object Object]","[object Object],[object Object],[object Object]",[object Object],cert_93725.zip,"SPOT,Últimas Chegadas",11/18/2024 09:03:06,false,93725-103
"4, 2",93735,TAZY. Porta cartões em kraft reciclado com elástico,TAZY,"Porta cartões em kraft reciclado com elástico, acompanha 6 blocos adesivados com 22 folhas cada. 104 x 65 x 5 mm","Porta cartões em kraft reciclado com elástico, acompanha 6 blocos adesivados com 22 folhas cada",TAZY. Porta cartões em kraft reciclado com elástico,TAZY. PORTA CARTÕES EM KRAFT RECICLADO COM ELÁSTICO,false,true,false,false,104 x 65 x 5 mm,,false,true,6.2,1.6,3.2,0.620X0.160X0.320,9.8,0.02,500,100,1,48202000,Escritório,4,Notas Adesivas,160,93735_set.jpg,,,,,"93735_set.jpg, 93735_104.jpg, 93735_103.jpg, 93735_103-c.jpg, 93735_106.jpg, 93735_160.jpg, 93735_160-c.jpg",hi!dea™,China,false,"Our nature, Papel kraft",,REACH,,,Sem polybag,18,Sem polybag,,,Papel craft,,,0,0,,,"blocos adesivados, adesivo, adesivos, certificado, certificado, certificados","93791, 93794",,,,,,"Azul, Branco, Natural, Preto",Bloco,Bloco,Frente,Frente,30 x 50,Bloco - Frente,"Tampografia, Silk Screen",Tampografia,"PDP3-01, SCR1-01",PDP3-01-01,"PDP3-01-01, PDP3-01-02, PDP3-01-03, PDP3-01-04, SCR1-01-01, SCR1-01-02","1, 2, 3, 4, 1, 2",,,Bloco - Frente (Tampografia - 30 x 50),4,0,,93735_1_1_1.png,false,,,,,false,false,false,,"[object Object],[object Object],[object Object],[object Object],[object Object]","[object Object],[object Object],[object Object],[object Object]",[object Object],cert_93735.zip,"SPOT,Últimas Chegadas,Our Nature",11/18/2024 09:03:06,false,93735-103
"4, 4, 4, 4, 4, 1, 4, 4, 4, 1, 5",93791,COOPER. 6 blocos adesivados com folhas lisas e esferográfica em papel kraft,COOPER,6 blocos adesivados com 25 folhas cada e capa em papel kraft reciclado. Incluso caderno com 50 folhas lisas e esferográfica em papel kraft reciclado. Escrita em azul. 100 x 150 mm,6 blocos adesivados com 25 folhas cada e capa em papel kraft reciclado. Incluso caderno com 50 folhas lisas e esferográfica em papel kraft reciclado. Escrita em azul,COOPER. 6 blocos adesivados com folhas lisas e esferográfica em papel kraft,COOPER. 6 BLOCOS ADESIVADOS COM FOLHAS LISAS E ESFEROGRÁFICA EM PAPEL KRAFT,false,true,false,false,100 x 150 mm,,false,true,5.5,3.3,2.6,0.550X0.330X0.260,17.3,0.044,200,100,1,4820.20.00,Escritório,4,Blocos Ecológicos,1631,93791_set.jpg,,,,,"93791_set.jpg, 93791_103-c.jpg, 93791_amb.jpg, 93791_103.jpg, 93791_104.jpg, 93791_104-c.jpg, 93791_160.jpg, 93791_160-a.jpg, 93791_160-c.jpg",hi!dea™,China,false,"Escrita a azul, Folhas Lisas, Our nature, Papel Reciclado",,,,,Polybag,82,Sem polybag,,,Cartão,,,0,0,Azul,,"cadernos, blocos, notebooks, certificado","93775, 93794",,,,,,"Azul, Natural, Preto","Bloco,Esferográfica",Bloco,"Frente, Verso, Clipe, Oposto do clipe, Corpo 2, Corpo",Corpo 2,60 x 60,"Bloco - Frente, Bloco - Verso, Esferográfica - Clipe, Esferográfica - Oposto do clipe, Esferográfica - Corpo 2, Esferográfica - Corpo","UV Digital, Silk Screen, Transfer, Tampografia",Silk Screen,"DUV1-01, DUV1-02, DUV1-03, DUV1-04, DUV1-05, SCR1-01, TRS1-01, TRS1-02, TRS1-03, PDP1-01, PDP2-01",SCR1-01-01,"DUV1-01-F, DUV1-02-F, DUV1-03-F, DUV1-04-F, DUV1-05-F, SCR1-01-01, TRS1-01-01, TRS1-01-02, TRS1-01-03, TRS1-01-04, TRS1-01-F, TRS1-02-01, TRS1-02-02, TRS1-02-03, TRS1-02-04, TRS1-02-F, TRS1-03-01, TRS1-03-02, TRS1-03-03, TRS1-03-04, TRS1-03-F, PDP1-01-01, PDP1-01-02, PDP1-01-03, PDP1-01-04, PDP1-01-05, PDP2-01-01, PDP2-01-02, PDP2-01-03, PDP2-01-04, PDP2-01-05","4, 4, 4, 4, 4, 1, 1, 2, 3, 4, 4, 1, 2, 3, 4, 4, 1, 2, 3, 4, 4, 1, 2, 3, 4, 5, 1, 2, 3, 4, 5",,,Bloco - Frente (Silk Screen - 60 x 60),1,0,,93791_1_1_1.png,false,,,,,false,false,false,,"[object Object],[object Object],[object Object],[object Object],[object Object]","[object Object],[object Object],[object Object]","[object Object],[object Object]",,"SPOT,Our Nature",11/18/2024 09:03:06,false,93791-103
"2, 1",93804,KENNY II. Caneca em vidro com efeito fosco 340 mL,KENNY II,"Caneca em vidro com efeito fosco com capacidade até 340 mL. Fornecida em caixa presente branca. Certificação EU Food Grade. ø80 x 97 mm | Caixa: 120 x 88 x 102 mm",Caneca em vidro com efeito fosco com capacidade até 340 mL. Fornecida em caixa presente branca. Certificação EU Food Grade,KENNY II. Caneca em vidro com efeito fosco 340 mL,KENNY II. CANECA EM VIDRO COM EFEITO FOSCO 340 ML,false,true,false,false,"ø80 x 97 mm | Caixa: 120 x 88 x 102 mm",,false,true,5.4,2.3,3.6,0.540X0.230X0.360,14,0.045,36,18,1,7013.49.00,Squeezes & Copos,10,Canecas,100,93804_set.jpg,,,,,"93804_set.jpg, 93804_106-logo.jpg, 93804_106.jpg",hi!dea™,China,false,"Apropriado para comida, Fornecido em caixa de oferta",,Food Safety,,,Caixa branca,365,Caixa branca,,,Vidro,,,0,0,,,"canecas, copo, copos, café, chá, chavena, bebida, bebidas, certificado, certificados",94768,,,,,,Branco,Caneca,Caneca,"Fundo, Corpo",Fundo,,"Caneca - Fundo, Caneca - Corpo","Tampografia, Silk Screen",,"PDP4-01, SCR3-01",,"PDP4-01-01, PDP4-01-02, SCR3-01-01","1, 2, 1",,,,,0,,,false,,,,,false,false,false,,"[object Object],[object Object],[object Object],[object Object],[object Object]",[object Object],[object Object],,SPOT,11/18/2024 09:03:06,false,93804-106
"4, 4, 4, 1, 1, 1, 1, 1",94112,CHAMP. Kit churrasco com 4 utensílios,CHAMP,"Kit churrasco composto por 4 utensílios: faca, garfo e pinça em aço inox e madeira de Seringueira e uma luva de cozinha. O estojo dobrável em 600D pode ser convertível em avental para sua proteção. Certificação EU Food Grade. Dobrado e fechado: 130 x 480 mm,","Kit churrasco composto por 4 utensílios: faca, garfo e pinça em aço inox e madeira de Seringueira e uma luva de cozinha. O estojo dobrável em 600D pode ser convertível em avental para sua proteção. Certificação EU Food Grade",CHAMP. Kit churrasco com 4 utensílios,CHAMP. KIT CHURRASCO COM 4 UTENSÍLIOS,false,true,false,false,"Dobrado e fechado: 130 x 480 mm,",,false,true,4.95,3.35,3.9,0.495X0.335X0.390,12,0.065,24,0,1,8215.20.00,"Casa, Restaurante & Bar",8,Barbecue,1041,94112_103-a.jpg,,,94112_103-pouch.jpg,,"94112_103-a.jpg, 94112_amb.jpg, 94112_103.jpg, 94112_103-pouch.jpg, 94112_103-c.jpg, 94112_103-d.jpg, 94112_103-e.jpg, 94112_103-f.jpg",hi!dea™,China,false,Apropriado para comida,,Food Safety,,,Polybag,1,,,,600D. Aço inox. Madeira,,,,,,,"kits de churrasco, churrascos, certificado, certificados",94101,,,,,,Preto,"Avental,Faca,Pinça,Garfo",Avental,"Frente, Lámina, Cabo, Cabo, Cabo",Cabo,140 x 95,"Avental - Frente, Faca - Lámina, Faca - Cabo, Pinça - Cabo, Garfo - Cabo","Transfer, Laser",Transfer,"TRS1-01, TRS1-02, TRS1-03, LSR1-01, LSR1-02, LSR1-03, LSR1-04, LSR1-05",TRS1-01-01,"TRS1-01-01, TRS1-01-02, TRS1-01-03, TRS1-01-04, TRS1-01-F, TRS1-02-01, TRS1-02-02, TRS1-02-03, TRS1-02-04, TRS1-02-F, TRS1-03-01, TRS1-03-02, TRS1-03-03, TRS1-03-04, TRS1-03-F, LSR1-01-01, LSR1-02-01, LSR1-03-01, LSR1-04-01, LSR1-05-01","1, 2, 3, 4, 4, 1, 2, 3, 4, 4, 1, 2, 3, 4, 4, 1, 1, 1, 1, 1",,,Avental - Frente (Transfer - 140 x 95),4,0,,94112_1_1_1.png,false,,,,,false,false,false,,"[object Object],[object Object],[object Object],[object Object],[object Object]",[object Object],"[object Object],[object Object],[object Object],[object Object]",cert_94112.zip,"SPOT,Últimas Chegadas",11/18/2024 09:03:06,false,94112-103
"1, 1, 1",94114,CARIN. Saca-rolhas em madeira com abridor de garrafa e canivete de sommelier,CARIN,Saca-rolhas em madeira com abridor de garrafas e canivete de sommelier. A cor e o resultado da impressão nos materiais naturais pode variar entre produtos. 109 x 25 x 8 mm,Saca-rolhas em madeira com abridor de garrafas e canivete de sommelier. A cor e o resultado da impressão nos materiais naturais pode variar entre produtos,CARIN. Saca-rolhas em madeira com abridor de garrafa e canivete de sommelier,CARIN. SACA-ROLHAS EM MADEIRA COM ABRIDOR DE GARRAFA E CANIVETE DE SOMMELIER,false,true,false,false,109 x 25 x 8 mm,,false,true,3.1,1.9,2.6,0.310X0.190X0.260,13.3,0.015,200,10,1,8205.51.00,"Casa, Restaurante & Bar",8,Saca Rolhas,1020,94114_160-logo.jpg,,,,,"94114_160-logo.jpg, 94114_160.jpg",hi!dea™,China,false,,,"Food Safety, REACH",,,Polybag,68,Caixa branca,,,Madeira,,,0,0,,,"saca, rolhas, saca rolha, saca rolhas, abridor, abridores, vinho, vinhos, conjuntos vinho, certificado, certificados","94115, 94117, 94191",,,,,,Natural,Saca-rolhas,Saca-rolhas,"Metal, Lámina, Cabo, Cabo 2",Cabo,,"Saca-rolhas - Metal, Saca-rolhas - Lámina, Saca-rolhas - Cabo, Saca-rolhas - Cabo 2","Laser, Tampografia",,"LSR1-01, LSR1-02, PDP3-01",,"LSR1-01-01, LSR1-02-01, PDP3-01-01","1, 1, 1",,,,,0,,,false,,,,,false,false,false,,"[object Object],[object Object],[object Object],[object Object],[object Object]",[object Object],[object Object],cert_94114.zip,"SPOT,Últimas Chegadas",11/18/2024 09:03:06,false,94114-160
"1, 1, 4, 4, 4, 4, 4, 4, 1, 1, 1",94646,RAISE. Squeeze em vidro e tampa em alumínio 520 mL,RAISE,Squeeze em vidro e tampa em aço inox com alça para fácil transporte. Capacidade até 520 mL. Fornecido com luva em soft shell dando proteção extra à sua squeeze. Caixa branca 94651 vendida opcionalmente. Certificação EU Food Grade. ø65 x 225 mm,Squeeze em vidro e tampa em aço inox com alça para fácil transporte. Capacidade até 520 mL. Fornecido com luva em soft shell dando proteção extra à sua squeeze. Caixa branca 94651 vendida opcionalmente. Certificação EU Food Grade,RAISE. Squeeze em vidro e tampa em alumínio 520 mL,RAISE. SQUEEZE EM VIDRO E TAMPA EM ALUMÍNIO 520 ML,false,true,false,false,ø65 x 225 mm,,false,true,4.3,3.7,2.4,0.430X0.370X0.240,8.7,0.039,30,1,1,7010.90.21,Squeezes & Copos,10,Garrafas,1010,94646_set.jpg,,,,,"94646_set.jpg, 94646_103-logo.jpg, 94646_amb.jpg, 94646_a.jpg, 94646_103.jpg, 94646_104.jpg, 94646_105.jpg, 94646_106.jpg, 94646_108.jpg, 94646_119.jpg, 94646_119-c.jpg, 94646_124.jpg",hi!dea™,China,false,"Apropriado para comida, Apropriado para congelador, Apropriado para máquina de lavar, Apropriado para microondas, Apropriado para bebidas frias/quentes (horas)",,"Food Safety, BPA Free, REACH",,,Polybag,339,Polybag,,,Vidro e aço inox,,,0,0,,,"squeezes, garrafa, garrafas, garrafa térmica, garrafas térmicas, bebida, bebidas, certificado, certificados","94687, 94688, 94689, 94690, 94059, 94699, 94669, 94770, 94317",,,,,,"Amarelo, Azul, Azul claro, Branco, Preto, Verde claro, Vermelho","Garrafa desporto,Manga refrigeradora,Tampa",Garrafa desporto,"Corpo, Verso, Frente, Tampa da garrafa",Tampa da garrafa,140 x 130,"Garrafa desporto - Corpo, Manga refrigeradora - Verso, Manga refrigeradora - Frente, Tampa - Tampa da garrafa","Tampografia, Silk Screen, Transfer, Laser",Silk Screen,"PDP4-01, SCR4-01, TRS2-01, TRS2-02, TRS2-03, TRS3-01, TRS3-02, TRS3-03, LSR2-01, LSR2-02, LSR2-03",SCR4-01-01,"PDP4-01-01, SCR4-01-01, TRS2-01-01, TRS2-01-02, TRS2-01-03, TRS2-01-04, TRS2-01-F, TRS2-02-01, TRS2-02-02, TRS2-02-03, TRS2-02-04, TRS2-02-F, TRS2-03-01, TRS2-03-02, TRS2-03-03, TRS2-03-04, TRS2-03-F, TRS3-01-01, TRS3-01-02, TRS3-01-03, TRS3-01-04, TRS3-01-F, TRS3-02-01, TRS3-02-02, TRS3-02-03, TRS3-02-04, TRS3-02-F, TRS3-03-01, TRS3-03-02, TRS3-03-03, TRS3-03-04, TRS3-03-F, LSR2-01-01, LSR2-02-01, LSR2-03-01","1, 1, 1, 2, 3, 4, 4, 1, 2, 3, 4, 4, 1, 2, 3, 4, 4, 1, 2, 3, 4, 4, 1, 2, 3, 4, 4, 1, 2, 3, 4, 4, 1, 1, 1",,,Garrafa desporto - Corpo (Silk Screen - 140 x 130),1,0,,94646_1_1_1.png,false,,,,,false,false,false,,"[object Object],[object Object],[object Object],[object Object],[object Object]","[object Object],[object Object],[object Object],[object Object],[object Object],[object Object],[object Object]","[object Object],[object Object],[object Object]",cert_94646.zip,"SPOT,Últimas Chegadas",11/18/2024 09:03:06,false,94646-103
"1, 1, 1, 1, 1, 1, 1, 1, 5, 1",94677,RONDE. Copo térmico de viagem em aço inox 400 mL,RONDE,"Copo de viagem em aço inox, térmico com parede dupla isolada a vácuo e tampa deslizante. Capacidade até 400 mL. Preserva as bebidas quentes por 6h e frias por 12h. Fornecida em caixa presente. Certificação EU Food Grade. 88 x 112 mm","Copo de viagem em aço inox, térmico com parede dupla isolada a vácuo e tampa deslizante. Capacidade até 400 mL. Preserva as bebidas quentes por 6h e frias por 12h. Fornecida em caixa presente. Certificação EU Food Grade",RONDE. Copo térmico de viagem em aço inox 400 mL,RONDE. COPO TÉRMICO DE VIAGEM EM AÇO INOX 400 ML,false,true,false,false,88 x 112 mm,,false,true,4.9,4.8,2.7,0.490X0.480X0.270,11.1,0.054,50,1,1,7323.93.00,Squeezes & Copos,10,Canecas de Viagem,1004,94677_set.jpg,,,,,"94677_set.jpg, 94677_127-c.jpg, 94677_amb.jpg, 94677_127.jpg, 94677_127-d.jpg, 94677_147.jpg, 94677_147-c.jpg, 94677_147-d.jpg, 94677_147-e.jpg",hi!dea™,China,false,"Aço inox, Apropriado para comida, Fornecido em caixa de oferta, Apropriado para bebidas frias/quentes (horas), Parede dupla",,"Food Safety, BPA Free",,,Polybag,243,Sem polybag,,,Aço inox,,,0,0,,,"copos, copos de viagem, copo de viagem, copo térmico, copos térmicos, bebida, bebidas, garrafa térmica, garrafas térmicas, certificado, certificados","94676, 94661, 94761, 94768, 94327",,,,,,"Chumbo, Cromado satinado","Copo,Caixa",Copo,"Frente superior, Frente",Frente,257 x 50,"Copo - Frente superior, Caixa - Frente","Laser circular, Laser, Tampografia, Silk Screen",Laser circular,"LAS1-01, LAS1-02, LAS1-03, LAS1-04, LAS1-05, LSR1-01, LSR1-02, LSR1-03, PDP3-01, SCR2-01",LAS1-01-01,"LAS1-01-01, LAS1-02-01, LAS1-03-01, LAS1-04-01, LAS1-05-01, LSR1-01-01, LSR1-02-01, LSR1-03-01, PDP3-01-01, PDP3-01-02, PDP3-01-03, PDP3-01-04, PDP3-01-05, SCR2-01-01","1, 1, 1, 1, 1, 1, 1, 1, 1, 2, 3, 4, 5, 1",,,Copo - Frente superior (Laser circular - 257 x 50),1,0,,94677_1_1_1.png,false,,,,,false,false,false,,"[object Object],[object Object],[object Object],[object Object],[object Object]","[object Object],[object Object]","[object Object],[object Object]",cert_94677.zip,"SPOT,Últimas Chegadas",11/18/2024 09:03:06,false,94677-127
"1, 1",94785,AMERICANO. Copo em vidro isotérmico 220 mL,AMERICANO,Copo em vidro isotérmico (borossilicato) com parede dupla isolada a ar e capacidade até 220 mL. Fornecido em caixa presente personalizável. Certificação EU Food Grade. ø80 x 86 mm,Copo em vidro isotérmico (borossilicato) com parede dupla isolada a ar e capacidade até 220 mL. Fornecido em caixa presente personalizável. Certificação EU Food Grade,AMERICANO. Copo em vidro isotérmico 220 mL,AMERICANO. COPO EM VIDRO ISOTÉRMICO 220 ML,false,true,false,false,ø80 x 86 mm,,false,true,3.9,3.1,3.8,0.390X0.310X0.380,7.1,0.046,48,1,1,7013.37.00,Squeezes & Copos,10,Restauração - Utensílios,104,94785_set.jpg,94785_110-box.jpg,,,,"94785_set.jpg, 94785_110-box.jpg, 94785_110.jpg",hi!dea™,China,false,"Apropriado para comida, Fornecido em caixa de oferta, Apropriado para bebidas quentes, Parede dupla",,Food Safety,,,Plástico bolha,129,Caixa de oferta,,,Vidro isotérmico,,,0,0,,,"copos, copos de viagem, copo térmico, copos térmicos, bebida, bebidas, café, cafés, chá, chavenas, garrafa térmica, garrafas térmicas, certificado, certificados",,,,,,,Transparente,"Copo,Caixa",Copo,"Frente, Tampa, Frente",Tampa,25 x 20,"Copo - Frente, Caixa - Tampa, Caixa - Frente","Tampografia, Silk Screen",Tampografia,"PDP3-01, SCR5-01",PDP3-01-01,"PDP3-01-01, SCR5-01-01","1, 1",,,Copo - Frente (Tampografia - 25 x 20),1,0,,94785_1_1_1.png,false,,,,,false,false,false,,"[object Object],[object Object],[object Object],[object Object],[object Object]",[object Object],"[object Object],[object Object]",cert_94785.zip,SPOT,11/18/2024 09:03:06,false,94785-110
"1, 1, 1",94897,ZENA. Conjunto de manicure em cortiça,ZENA,"Conjunto de manicure em cortiça com cinco peças em aço inoxidável: lixa, tesoura, cortador de unhas, pinça e empurra cutículas. Fornecido em bolsa de papel natural. 104 x 61 x 17 mm","Conjunto de manicure em cortiça com cinco peças em aço inoxidável: lixa, tesoura, cortador de unhas, pinça e empurra cutículas. Fornecido em bolsa de papel natural",ZENA. Conjunto de manicure em cortiça,ZENA. CONJUNTO DE MANICURE EM CORTIÇA,false,true,false,false,104 x 61 x 17 mm,,false,true,5.4,3.3,5,0.540X0.330X0.500,12.4,0.071,200,50,1,8214.20.00,Pessoal & Viagem,6,Conjuntos de Manicura,0521,94897_set.jpg,,,94897_pouch.jpg,,"94897_set.jpg, 94897_160-a.jpg, 94897_pouch.jpg, 94897_amb.jpg, 94897_160.jpg, 94897_160-b.jpg, 94897_160-c.jpg, 94897_160-d.jpg, 94897_160-e.jpg, 94897_160-f.jpg",hi!dea™,China,false,"Aço inox, Our nature, Cortiça",,REACH,,,Bolsa em papel kraft,47,Bolsa em papel,,,Cortiça. Aço inox,,,0,0,,,"conjuntos, cosméticos, cosmético, senhora, lixas para unhas, unhas, manicura, ecologic, ecologico, ecológicos, eco, produtos eco, sustentável, sustentáveis, certificado, certificados",94898,,,,,,Natural,Estojo,Estojo,"Frente, Verso",Frente,40 x 30,"Estojo - Frente, Estojo - Verso",Laser,Laser,"LSR3-01, LSR3-02, LSR3-03",LSR3-01-01,"LSR3-01-01, LSR3-02-01, LSR3-03-01","1, 1, 1",,,Estojo - Frente (Laser - 40 x 30),1,0,,94897_1_1_1.png,false,,,,,false,false,false,,"[object Object],[object Object],[object Object],[object Object],[object Object]",[object Object],[object Object],cert_94897.zip,"SPOT,Our Nature",11/18/2024 09:03:06,false,94897-160
"4, 4, 5",97318,JANNES. Hub USB 2'0 com 4 portas,JANNES,Hub USB 2'0. com 4 portas para conectar até 4 dispositivos móveis. 52 x 41 x 12 mm,Hub USB 2.0. com 4 portas para conectar até 4 dispositivos móveis,JANNES. Hub USB 2.0 com 4 portas,JANNES. HUB USB 2.0 COM 4 PORTAS,false,true,false,false,52 x 41 x 12 mm,,false,true,3.5,3.1,1.9,0.350X0.310X0.190,9.3,0.022,500,100,1,8517.62.54,Tecnologia,3,Carregadores e adaptadores,132,97318_set.jpg,,,,,"97318_set.jpg, 97318_103.jpg, 97318_106.jpg, 97318_106-c.jpg",hi!dea™,China,false,,,"EMC, RoHS, EMC, REACH",,,Polybag,18,Polybag com 10 un.,,,Plástico,,,0,0,,,"cabos usb, cabos, usb, certificado, certificados","97357, 97127",,,,,,"Branco, Preto",Hub,Hub,"Superior, Inferior",Superior,45 x 20,"Hub - Superior, Hub - Inferior","UV Digital, Tampografia",Tampografia,"DUV1-01, DUV1-02, PDP3-01",PDP3-01-01,"DUV1-01-F, DUV1-02-F, PDP3-01-01, PDP3-01-02, PDP3-01-03, PDP3-01-04, PDP3-01-05","4, 4, 1, 2, 3, 4, 5",,,Hub - Superior (Tampografia - 45 x 20),5,0,,97318_1_1_1.png,false,,,,,false,false,false,,"[object Object],[object Object],[object Object],[object Object],[object Object]","[object Object],[object Object]",[object Object],cert_97318.zip,SPOT,11/18/2024 09:03:06,false,97318-103
"4, 5",97357,GARDNER. Hub USB 2'0 em ABS com 4 portas,GARDNER,Hub USB 2'0 em ABS com 4 portas. ø52 x 18 mm,Hub USB 2.0 em ABS com 4 portas,GARDNER. Hub USB 2.0 em ABS com 4 portas,GARDNER. HUB USB 2.0 EM ABS COM 4 PORTAS,false,true,false,false,ø52 x 18 mm,,false,true,3.8,3.5,2.9,0.380X0.350X0.290,15.6,0.036,500,100,1,8517.62.54,Tecnologia,3,Carregadores e adaptadores,132,97357_set.jpg,,,,,"97357_set.jpg, 97357_103.jpg, 97357_105.jpg, 97357_105-c.jpg, 97357_106.jpg, 97357_114.jpg, 97357_119.jpg, 97357_119-c.jpg",hi!dea™,China,false,,,"MSDS, EMC, RoHS, EMC, REACH",,,Polybag,28,Polybag com 10 un.,,,ABS,,,0,0,,,"cabos usb, cabos, usb, certificado, certificados, 11134","97329, 97127",,,,,,"Azul royal, Branco, Preto, Verde claro, Vermelho",Hub,Hub,"Superior, Inferior",Superior,Ã˜35,"Hub - Superior, Hub - Inferior","UV Digital, Tampografia",UV Digital,"DUV1-01, PDP3-01",DUV1-01-F,"DUV1-01-F, PDP3-01-01, PDP3-01-02, PDP3-01-03, PDP3-01-04, PDP3-01-05","4, 1, 2, 3, 4, 5",,,Hub - Superior (UV Digital - Ã˜35),4,0,,97357_1_1_1.png,false,,,,,false,false,false,,"[object Object],[object Object],[object Object],[object Object],[object Object]","[object Object],[object Object],[object Object],[object Object]",[object Object],cert_97357.zip,SPOT,11/18/2024 09:03:06,false,97357-103
"1, 1",98117,COBB. Kit de limpeza de sapatos,COBB,"Kit de limpeza de sapatos com 6 peças: 1 cera incolor para sapatos, 1 flanela amarela, 2 escovas em madeira, 1 calçadeira e 1 embalagem lata. ø98 x 56 mm","Kit de limpeza de sapatos com 6 peças: 1 cera incolor para sapatos, 1 flanela amarela, 2 escovas em madeira, 1 calçadeira e 1 embalagem lata",COBB. Kit de limpeza de sapatos,COBB. KIT DE LIMPEZA DE SAPATOS,false,true,false,false,ø98 x 56 mm,,false,true,5.2,3.2,2.4,0.520X0.320X0.240,9.2,0.04,50,25,1,9605.00.00,Pessoal & Viagem,6,Utilitários de Viagem,23,98117_set.jpg,,,,,"98117_set.jpg, 98117_127-logo.jpg, 98117_amb.jpg, 98117_127.jpg, 98117_127-a.jpg",hi!dea™,China,false,,,"MSDS, REACH",,,Manga branca,166,Sem polybag,,,,,,0,0,,,"limpar sapatos, engraxar sapato, certificado, certificados",92722,,,,,,Cromado satinado,Estojo,Estojo,Tampa,Tampa,Ã˜65,Estojo - Tampa,"Laser, Silk Screen",Silk Screen,"LSR1-01, SCR5-01",SCR5-01-01,"LSR1-01-01, SCR5-01-01","1, 1",,,Estojo - Tampa (Silk Screen - Ã˜65),1,0,,98117_1_1_1.png,false,,,,,false,false,false,,"[object Object],[object Object],[object Object],[object Object],[object Object]",[object Object],[object Object],cert_98117.zip,SPOT,11/18/2024 09:03:06,false,98117-127
"4, 4, 4, 4, 4",98137,ZION. Tapete de exercício para yoga em EVA com espessura até 4 mm,ZION,"Tapete de exercício para yoga ou pilates em EVA com espessura até 4 mm. Inclusa bolsa em poliéster com rede para não conservar odores e alça ajustável em tecido para transporte. Fechado: Ø115 x 635 mm | Aberto: 1830 x 610 x 4 mm",Tapete de exercício para yoga ou pilates em EVA com espessura até 4 mm. Inclusa bolsa em poliéster com rede para não conservar odores e alça ajustável em tecido para transporte,ZION. Tapete de exercício para yoga em EVA com espessura até 4 mm,ZION. TAPETE DE EXERCÍCIO PARA YOGA EM EVA COM ESPESSURA ATÉ 4 MM,false,true,false,false,"Fechado: Ø115 x 635 mm | Aberto: 1830 x 610 x 4 mm",,false,true,6.3,6.3,5.3,0.630X0.630X0.530,13,0.21,30,1,1,9506.99.00,Esporte & Ar Livre,0028,Acessórios de Esporte,00421,98137_set.jpg,,,98137_103-pouch.jpg,,"98137_set.jpg, 98137_103.jpg, 98137_amb.jpg, 98137_103-pouch.jpg, 98137_103-a.jpg, 98137_103-c.jpg, 98137_124.jpg, 98137_124-pouch.jpg, 98137_124-a.jpg, 98137_124-c.jpg",hi!dea™,China,false,,,REACH,,,Plástico em vácuo,420,Plástico em vácuo,,,EVA,,,0,0,,,"desporto, acessório de desporto, acessórios de desporto, acessorios de desporto, yoga mat, mat, tapetes, ginástica, aeróbica, certificado, certificados",98138,,,,,,"Azul claro, Preto",Sacola,Sacola,Lateral superior,Lateral superior,80 x 110,Sacola - Lateral superior,"Transfer, Silk screen têxtil",Silk screen têxtil,"TRS3-01, TRS3-02, TRS3-03, TRS3-04, TXP2-01",TXP2-01-01,"TRS3-01-01, TRS3-01-02, TRS3-01-03, TRS3-01-04, TRS3-01-F, TRS3-02-01, TRS3-02-02, TRS3-02-03, TRS3-02-04, TRS3-02-F, TRS3-03-01, TRS3-03-02, TRS3-03-03, TRS3-03-04, TRS3-03-F, TRS3-04-01, TRS3-04-02, TRS3-04-03, TRS3-04-04, TRS3-04-F, TXP2-01-01, TXP2-01-02, TXP2-01-03, TXP2-01-04","1, 2, 3, 4, 4, 1, 2, 3, 4, 4, 1, 2, 3, 4, 4, 1, 2, 3, 4, 4, 1, 2, 3, 4",,,Sacola - Lateral superior (Silk screen têxtil - 80 x 110),1,0,,98137_1_1_1.png,false,,,,,false,false,false,,"[object Object],[object Object],[object Object],[object Object],[object Object]","[object Object],[object Object]",[object Object],cert_98137.zip,SPOT,11/18/2024 09:03:06,false,98137-103
"4, 4",98192,GUARDSUN. Protetor solar para carros sem PE bubble e forrado com folha de alumínio,GUARDSUN,Protetor solar para carro em PE bubble e forrado com folha de alumínio na frente e verso. Adequado para vidro frontal e incluso 2 fixadores de ventosa. Dobrável para facilitar arrumação. 1300 x 600 mm,Protetor solar para carro em PE bubble e forrado com folha de alumínio na frente e verso. Adequado para vidro frontal e incluso 2 fixadores de ventosa. Dobrável para facilitar arrumação,GUARDSUN. Protetor solar para carros sem PE bubble e forrado com folha de alumínio,GUARDSUN. PROTETOR SOLAR PARA CARROS SEM PE BUBBLE E FORRADO COM FOLHA DE ALUMÍNIO,false,true,false,false,1300 x 600 mm,,false,true,6.3,5.2,5.7,0.630X0.520X0.570,9.8,0.187,75,1,1,3921.90.90,Esporte & Ar Livre,0028,Acessórios Automóvel,230,98192_set.jpg,,,,,"98192_set.jpg, 98192_107-a-logo.jpg, 98192_107.jpg, 98192_107-a.jpg",hi!dea™,China,false,,,REACH,PE + Alumínio: 153 g/m²  non-woven: 80 g/m²,,,103,Sem polybag,,,Alumínio,,,0,0,,,"protetor, protetores, sol, carro, tapa, carro, certificado, certificados","57326, 57338",,,,,,Cromado,Pára-sol,Pára-sol,"Frente, Verso",Frente,550 x 300,"Pára-sol - Frente, Pára-sol - Verso",Silk screen têxtil,Silk screen têxtil,"TXP1-01, TXP1-02",TXP1-02-01,"TXP1-01-01, TXP1-01-02, TXP1-01-03, TXP1-01-04, TXP1-02-01, TXP1-02-02, TXP1-02-03, TXP1-02-04","1, 2, 3, 4, 1, 2, 3, 4",,,Pára-sol - Frente (Silk screen têxtil - 550 x 300),1,0,,98192_1_1_1.png,false,,,,,false,false,false,,"[object Object],[object Object],[object Object],[object Object],[object Object]",[object Object],[object Object],,SPOT,11/18/2024 09:03:06,false,98192-107
"4, 4, 4, 4, 4, 4, 4, 4, 4, 4, 4",98320,PARANA. Guarda-sol reclinável em 210T,PARANA,"Guarda-sol reclinável em poliéster 210T com forro prateado. Fornecido em bolsa com alça. ø1400 x 1600 mm | Bolsa: 1010 x 110 mm",Guarda-sol reclinável em poliéster 210T com forro prateado. Fornecido em bolsa com alça,PARANA. Guarda-sol reclinável em 210T,PARANA. GUARDA-SOL RECLINÁVEL EM 210T,false,true,false,false,"ø1400 x 1600 mm | Bolsa: 1010 x 110 mm",,false,true,10,1.7,1.6,1.000X0.170X0.160,9.6,0.026,10,1,1,6601.10.00,Sol & Chuva,11,Guarda-Sol,232,98320_set.jpg,,,98320_104-pouch.jpg,,"98320_set.jpg, 98320_104-pouch.jpg, 98320_amb.jpg, 98320_104.jpg, 98320_105.jpg, 98320_105-pouch.jpg, 98320_105-b.jpg, 98320_123.jpg, 98320_123-pouch.jpg, 98320_123-c.jpg",hi!dea™,China,false,,,REACH,,,,855,Sem polybag,,,Poliéster 210T,,,0,0,,,"sombrinha, guarda sol, certificado, certificados, 11135","98293, 98332",,,,,,"Azul, Cinza claro, Vermelho","Guarda-sol,Bolsa",Guarda-sol,"Gomo 1, Gomo 2, Gomo 3, Gomo 4, Frente",Frente,220 x 140,"Guarda-sol - Gomo 1, Guarda-sol - Gomo 2, Guarda-sol - Gomo 3, Guarda-sol - Gomo 4, Bolsa - Frente","Transfer, Silk screen têxtil",Silk screen têxtil,"TRS3-01, TRS3-02, TRS3-03, TRS3-04, TRS3-05, TXP4-01, TRS1-01, TRS1-02, TRS1-03, TRS1-04, TRS1-05",TXP4-01-01,"TRS3-01-01, TRS3-01-02, TRS3-01-03, TRS3-01-04, TRS3-01-F, TRS3-02-01, TRS3-02-02, TRS3-02-03, TRS3-02-04, TRS3-02-F, TRS3-03-01, TRS3-03-02, TRS3-03-03, TRS3-03-04, TRS3-03-F, TRS3-04-01, TRS3-04-02, TRS3-04-03, TRS3-04-04, TRS3-04-F, TRS3-05-01, TRS3-05-02, TRS3-05-03, TRS3-05-04, TRS3-05-F, TXP4-01-01, TXP4-01-02, TXP4-01-03, TXP4-01-04, TRS1-01-01, TRS1-01-02, TRS1-01-03, TRS1-01-04, TRS1-01-F, TRS1-02-01, TRS1-02-02, TRS1-02-03, TRS1-02-04, TRS1-02-F, TRS1-03-01, TRS1-03-02, TRS1-03-03, TRS1-03-04, TRS1-03-F, TRS1-04-01, TRS1-04-02, TRS1-04-03, TRS1-04-04, TRS1-04-F, TRS1-05-01, TRS1-05-02, TRS1-05-03, TRS1-05-04, TRS1-05-F","1, 2, 3, 4, 4, 1, 2, 3, 4, 4, 1, 2, 3, 4, 4, 1, 2, 3, 4, 4, 1, 2, 3, 4, 4, 1, 2, 3, 4, 1, 2, 3, 4, 4, 1, 2, 3, 4, 4, 1, 2, 3, 4, 4, 1, 2, 3, 4, 4, 1, 2, 3, 4, 4",,,Guarda-sol - Gomo 1 (Silk screen têxtil - 220 x 140),1,0,,98320_1_1_1.png,false,,,,,false,false,false,,"[object Object],[object Object],[object Object],[object Object],[object Object]","[object Object],[object Object],[object Object]","[object Object],[object Object]",cert_98320.zip,SPOT,11/18/2024 09:03:06,false,98320-104
"4, 4, 4, 4, 4, 4, 4, 4, 4, 4, 4",98332,DERING. Guarda-sol em poliéster 170T,DERING,"Guarda-sol em poliéster 170T. Fornecido em bolsa. ø1400 x 1600 mm | Bolsa: 1000 x 120 mm",Guarda-sol em poliéster 170T. Fornecido em bolsa,DERING. Guarda-sol em poliéster 170T,DERING. GUARDA-SOL EM POLIÉSTER 170T,false,true,false,false,"ø1400 x 1600 mm | Bolsa: 1000 x 120 mm",,false,true,10,1.7,1.6,1.000X0.170X0.160,9,0.027,10,1,1,6601.10.00,Sol & Chuva,11,Guarda-Sol,232,98332_set.jpg,,,98332_104-pouch.jpg,,"98332_set.jpg, 98332_104-logo.jpg, 98332_108_logo.jpg, 98332_104.jpg, 98332_104-pouch.jpg, 98332_105.jpg, 98332_105-pouch.jpg, 98332_106.jpg, 98332_106-pouch.jpg, 98332_108.jpg, 98332_108-pouch.jpg, 98332_119.jpg, 98332_119-pouch.jpg, 98332_124.jpg, 98332_124-pouch.jpg",hi!dea™,China,false,,,REACH,,,Bolsa em 170T,77,Sem polybag,,,Poliéster 170T,,,0,0,,,"sombrinha, guarda sol, certificado, certificados",98375,,,,,,"Amarelo, Azul, Azul claro, Branco, Verde claro, Vermelho","Guarda-sol,Bolsa",Guarda-sol,"Gomo 1, Gomo 2, Gomo 3, Gomo 4, Frente",Frente,220 x 140,"Guarda-sol - Gomo 1, Guarda-sol - Gomo 2, Guarda-sol - Gomo 3, Guarda-sol - Gomo 4, Bolsa - Frente","Transfer, Silk screen têxtil",Silk screen têxtil,"TRS3-01, TRS3-02, TRS3-03, TRS3-04, TRS3-05, TXP4-01, TRS1-01, TRS1-02, TRS1-03, TRS1-04, TRS1-05",TXP4-01-01,"TRS3-01-01, TRS3-01-02, TRS3-01-03, TRS3-01-04, TRS3-01-F, TRS3-02-01, TRS3-02-02, TRS3-02-03, TRS3-02-04, TRS3-02-F, TRS3-03-01, TRS3-03-02, TRS3-03-03, TRS3-03-04, TRS3-03-F, TRS3-04-01, TRS3-04-02, TRS3-04-03, TRS3-04-04, TRS3-04-F, TRS3-05-01, TRS3-05-02, TRS3-05-03, TRS3-05-04, TRS3-05-F, TXP4-01-01, TXP4-01-02, TXP4-01-03, TXP4-01-04, TRS1-01-01, TRS1-01-02, TRS1-01-03, TRS1-01-04, TRS1-01-F, TRS1-02-01, TRS1-02-02, TRS1-02-03, TRS1-02-04, TRS1-02-F, TRS1-03-01, TRS1-03-02, TRS1-03-03, TRS1-03-04, TRS1-03-F, TRS1-04-01, TRS1-04-02, TRS1-04-03, TRS1-04-04, TRS1-04-F, TRS1-05-01, TRS1-05-02, TRS1-05-03, TRS1-05-04, TRS1-05-F","1, 2, 3, 4, 4, 1, 2, 3, 4, 4, 1, 2, 3, 4, 4, 1, 2, 3, 4, 4, 1, 2, 3, 4, 4, 1, 2, 3, 4, 1, 2, 3, 4, 4, 1, 2, 3, 4, 4, 1, 2, 3, 4, 4, 1, 2, 3, 4, 4, 1, 2, 3, 4, 4",,,Guarda-sol - Gomo 1 (Silk screen têxtil - 220 x 140),1,0,,98332_1_1_1.png,false,,,,,false,false,false,,"[object Object],[object Object],[object Object],[object Object],[object Object]","[object Object],[object Object],[object Object],[object Object],[object Object],[object Object]","[object Object],[object Object]",cert_98332.zip,SPOT,11/18/2024 09:03:06,false,98332-104
"4, 4, 4, 4, 4, 4",98375,SARDEGNA. Toalha de praia em veludo de algodão (320 g/m²),SARDEGNA,"Toalha de praia em veludo de algodão (320 g/m²), disponível em várias cores. Fornecida com sacola em non-woven (80 g/m²). 1500 x 750 mm | Sacola: 330 x 415 x 100 mm","Toalha de praia em veludo de algodão (320 g/m²), disponível em várias cores. Fornecida com sacola em non-woven (80 g/m²)",SARDEGNA. Toalha de praia em veludo de algodão (320 g/m²),SARDEGNA. TOALHA DE PRAIA EM VELUDO DE ALGODÃO (320 G/M²),false,true,false,false,"1500 x 750 mm | Sacola: 330 x 415 x 100 mm",,false,true,5.8,3.7,4.7,0.580X0.370X0.470,11.66,0.02,25,1,1,6302.60.00,Sol & Chuva,11,Toalhas de Praia,0320,98375_set.jpg,,,98375_106-pouch.jpg,,"98375_set.jpg, 98375.jpg, 98375_amb.jpg, 98375_104.jpg, 98375_105.jpg, 98375_106.jpg, 98375_106-pouch.jpg, 98375_109.jpg, 98375_109-pouch.jpg, 98375_109-c.jpg, 98375_113.jpg, 98375_124.jpg, 98375_124-pouch.jpg",hi!dea™,China,false,,,REACH,Bolsa non-woven: 80 g/m²  Toalha: 320 g/m²,,Toalha em polybag,358,Sem polybag,,,Veludo de algodão: 320 g/m²,,,0,0,,,"tolhas de praia, certificado, certificados","98320, 98329",,,,,,"Azul, Azul claro, Branco, Cinza, Verde, Vermelho","Toalha,Sacola",Toalha,"Lateral Esquerda, Frente, Verso",Frente,,"Toalha - Lateral Esquerda, Sacola - Frente, Sacola - Verso","Transfer, Silk screen têxtil",,"TRS2-01, TRS2-02, TRS2-03, TRS2-04, TRS2-05, TXP1-01",,"TRS2-01-01, TRS2-01-02, TRS2-01-03, TRS2-01-04, TRS2-01-F, TRS2-02-01, TRS2-02-02, TRS2-02-03, TRS2-02-04, TRS2-02-F, TRS2-03-01, TRS2-03-02, TRS2-03-03, TRS2-03-04, TRS2-03-F, TRS2-04-01, TRS2-04-02, TRS2-04-03, TRS2-04-04, TRS2-04-F, TRS2-05-01, TRS2-05-02, TRS2-05-03, TRS2-05-04, TRS2-05-F, TXP1-01-01, TXP1-01-02, TXP1-01-03, TXP1-01-04","1, 2, 3, 4, 4, 1, 2, 3, 4, 4, 1, 2, 3, 4, 4, 1, 2, 3, 4, 4, 1, 2, 3, 4, 4, 1, 2, 3, 4",,,,,0,,,false,,,,,false,false,false,,"[object Object],[object Object],[object Object],[object Object],[object Object]","[object Object],[object Object],[object Object],[object Object],[object Object],[object Object]","[object Object],[object Object]",cert_98375.zip,SPOT,11/18/2024 09:03:06,false,98375-104
"4, 4, 4, 4",98414,LUTON. Cooler. Bolsa térmica 8 L em 600D,LUTON,"Bolsa térmica em 600D com alça ajustável em webbing, bolso frontal e capacidade até 8 L. Certificação EU Food Grade. 270 x 200 x 160 mm","Bolsa térmica em 600D com alça ajustável em webbing, bolso frontal e capacidade até 8 L. Certificação EU Food Grade",LUTON. Cooler. Bolsa térmica 8 L em 600D,LUTON. COOLER. BOLSA TÉRMICA 8 L EM 600D,false,true,false,false,270 x 200 x 160 mm,,false,true,5.8,5,3.1,0.580X0.500X0.310,10,0.02,50,25,1,4202.22.20,Sacolas & Bolsas Térmicas,9,Bolsas Térmicas,1050,98414_set.jpg,,,,,"98414_set.jpg, 98414_103.jpg, 98414_104.jpg, 98414_104-c.jpg, 98414_105.jpg",hi!dea™,China,false,"Apropriado para comida, Protecção térmica",,,,,,175,Sem polybag,,,600D,,,0,0,,,"bolsas, térmicas, têrmicas, cooler, certificado","98415, 98417, 98418",,,,,,"Azul, Preto, Vermelho",Bolsa térmica,Bolsa térmica,"Pala, Frente centro, Verso",Pala,200 x 55,"Bolsa térmica - Pala, Bolsa térmica - Frente centro, Bolsa térmica - Verso",Transfer,Transfer,"TRS2-01, TRS2-02, TRS2-03, TRS2-04",TRS2-01-01,"TRS2-01-01, TRS2-01-02, TRS2-01-03, TRS2-01-04, TRS2-01-F, TRS2-02-01, TRS2-02-02, TRS2-02-03, TRS2-02-04, TRS2-02-F, TRS2-03-01, TRS2-03-02, TRS2-03-03, TRS2-03-04, TRS2-03-F, TRS2-04-01, TRS2-04-02, TRS2-04-03, TRS2-04-04, TRS2-04-F","1, 2, 3, 4, 4, 1, 2, 3, 4, 4, 1, 2, 3, 4, 4, 1, 2, 3, 4, 4",,,Bolsa térmica - Pala (Transfer - 200 x 55),4,0,,98414_1_1_1.png,false,,,,,false,false,false,,"[object Object],[object Object],[object Object],[object Object],[object Object]","[object Object],[object Object],[object Object]",[object Object],,"SPOT,Últimas Chegadas",11/18/2024 09:03:06,false,98414-103
"4, 4, 4, 4, 4, 4, 4, 4, 4, 4",98424,KENZA. Sacola de praia em 600D,KENZA,Sacola de praia em 600D. Alça em corda de algodão de 58cm. 510 x 440 x 140 mm,Sacola de praia em 600D. Alça em corda de algodão de 58cm,KENZA. Sacola de praia em 600D,KENZA. SACOLA DE PRAIA EM 600D,false,true,false,false,510 x 440 x 140 mm,,false,true,2,2,2,0.200X0.200X0.200,8.5,0.008,25,1,1,4202.92.00,Sol & Chuva,11,Sacos,204,98424_set.jpg,,,,,"98424_set.jpg, 98424_104-a.jpg, 98424_104.jpg, 98424_106.jpg",hi!dea™,China,false,,,REACH,,,Polybag,1,Sem polybag,,,600D,,,0,0,,,"sacolas, saco, mala, malas, compras, shopping, 28074, certificado, certificados","92513, 92822, 92824",,,,,,"Azul, Branco","Sacola,Sacola",Sacola,"Frente, Frente inferior, Verso",Frente,280 x 200,"Sacola - Frente, Sacola - Frente inferior, Sacola - Verso",Transfer,Transfer,"TRS3-01, TRS3-02, TRS3-03, TRS3-04, TRS3-05, TRS1-01, TRS1-02, TRS1-03, TRS1-04, TRS1-05",TRS3-01-01,"TRS3-01-01, TRS3-01-02, TRS3-01-03, TRS3-01-04, TRS3-01-F, TRS3-02-01, TRS3-02-02, TRS3-02-03, TRS3-02-04, TRS3-02-F, TRS3-03-01, TRS3-03-02, TRS3-03-03, TRS3-03-04, TRS3-03-F, TRS3-04-01, TRS3-04-02, TRS3-04-03, TRS3-04-04, TRS3-04-F, TRS3-05-01, TRS3-05-02, TRS3-05-03, TRS3-05-04, TRS3-05-F, TRS1-01-01, TRS1-01-02, TRS1-01-03, TRS1-01-04, TRS1-01-F, TRS1-02-01, TRS1-02-02, TRS1-02-03, TRS1-02-04, TRS1-02-F, TRS1-03-01, TRS1-03-02, TRS1-03-03, TRS1-03-04, TRS1-03-F, TRS1-04-01, TRS1-04-02, TRS1-04-03, TRS1-04-04, TRS1-04-F, TRS1-05-01, TRS1-05-02, TRS1-05-03, TRS1-05-04, TRS1-05-F","1, 2, 3, 4, 4, 1, 2, 3, 4, 4, 1, 2, 3, 4, 4, 1, 2, 3, 4, 4, 1, 2, 3, 4, 4, 1, 2, 3, 4, 4, 1, 2, 3, 4, 4, 1, 2, 3, 4, 4, 1, 2, 3, 4, 4, 1, 2, 3, 4, 4",,,Sacola - Frente (Transfer - 280 x 200),4,0,,98424_1_1_1.png,false,,,,,false,false,false,,"[object Object],[object Object],[object Object],[object Object],[object Object]","[object Object],[object Object]","[object Object],[object Object]",cert_98424.zip,"SPOT,Últimas Chegadas",11/18/2024 09:03:06,false,98424-104
"4, 4, 4, 4, 4, 4, 4, 4",99135,TIGOT. Guarda-chuva dobrável em poliéster 190T dobrável,TIGOT,"Guarda-chuva em poli&eacute,ster 190T dobrável em 3 secções e de abertura manual. Disponível em várias cores, com interior em cinza. Guarda-chuva prático e leve. Fornecido em bolsa. ø960 x 240 mm | Bolsa: ø40 x 225 mm","Guarda-chuva em poliéster 190T dobrável em 3 secções e de abertura manual. Disponível em várias cores, com interior em cinza. Guarda-chuva prático e leve. Fornecido em bolsa",TIGOT. Guarda-chuva dobrável em poliéster 190T dobrável,TIGOT. GUARDA-CHUVA DOBRÁVEL EM POLIÉSTER 190T DOBRÁVEL,false,true,false,false,"ø960 x 240 mm | Bolsa: ø40 x 225 mm",,false,true,2.6,2.2,4.5,0.260x0.220x0.450,13,0.026,50,10,1,6601.91.10,Sol & Chuva,11,Guarda-Chuvas Retrácteis,0222,99135_set.jpg,,,,,"99135_set.jpg, 99135_103-a.jpg, 99135_103.jpg, 99135_104.jpg, 99135_104-a.jpg, 99135_105.jpg, 99135_105-a.jpg, 99135_108.jpg, 99135_108-a.jpg, 99135_109.jpg, 99135_109-a.jpg, 99135_119.jpg, 99135_119-a.jpg, 99135_123.jpg, 99135_123-a.jpg, 99135_124.jpg, 99135_124-a.jpg, 99135_127.jpg, 99135_127-a.jpg, 99135_128.jpg, 99135_128-a.jpg",hi!dea™,China,false,,,REACH,,,Pega: plástico bolha,236,Bolsa em 190T,,,Poliéster 190T,,,0,0,,,"guardas chuvas, guarda chuvas, chuva, inverno, certificado, certificados","99138, 99139, 99142, 99146, 99147, 99151, 99140, 99155, 99149",,,,,,"Amarelo, Azul, Azul claro, Cinza claro, Cromado satinado, Laranja, Preto, Verde, Verde claro, Vermelho","Guarda-chuva,Bolsa",Guarda-chuva,"Gomo 1, Gomo 2, Gomo 3, Gomo 4, Fita, Frente",Frente,200 x 120,"Guarda-chuva - Gomo 1, Guarda-chuva - Gomo 2, Guarda-chuva - Gomo 3, Guarda-chuva - Gomo 4, Guarda-chuva - Fita, Bolsa - Frente","Transfer, Silk screen têxtil",Silk screen têxtil,"TRS3-01, TRS3-02, TRS3-03, TRS3-04, TXP4-01, TRS1-01, TRS1-02, TRS1-03",TXP4-01-01,"TRS3-01-01, TRS3-01-02, TRS3-01-03, TRS3-01-04, TRS3-01-F, TRS3-02-01, TRS3-02-02, TRS3-02-03, TRS3-02-04, TRS3-02-F, TRS3-03-01, TRS3-03-02, TRS3-03-03, TRS3-03-04, TRS3-03-F, TRS3-04-01, TRS3-04-02, TRS3-04-03, TRS3-04-04, TRS3-04-F, TXP4-01-01, TXP4-01-02, TXP4-01-03, TXP4-01-04, TRS1-01-01, TRS1-01-02, TRS1-01-03, TRS1-01-04, TRS1-01-F, TRS1-02-01, TRS1-02-02, TRS1-02-03, TRS1-02-04, TRS1-02-F, TRS1-03-01, TRS1-03-02, TRS1-03-03, TRS1-03-04, TRS1-03-F","1, 2, 3, 4, 4, 1, 2, 3, 4, 4, 1, 2, 3, 4, 4, 1, 2, 3, 4, 4, 1, 2, 3, 4, 1, 2, 3, 4, 4, 1, 2, 3, 4, 4, 1, 2, 3, 4, 4",,,Guarda-chuva - Gomo 1 (Silk screen têxtil - 200 x 120),2,0,,99135_1_1_1.png,false,,,,,false,false,false,,"[object Object],[object Object],[object Object],[object Object],[object Object]","[object Object],[object Object],[object Object],[object Object],[object Object],[object Object],[object Object],[object Object],[object Object],[object Object]","[object Object],[object Object]",cert_99135.zip,SPOT,11/18/2024 09:03:06,false,99135-103
"4, 4, 4, 4, 4, 4, 4, 4",99139,TOMAS. Guarda-chuva dobrável em poliéster 190T com abertura automática,TOMAS,"Guarda-chuva dobrável em poliéster 190T dobrável em 3 secções com abertura automática. Fornecido em bolsa. ø980 x 295 mm | Bolsa: ø45 x 245 mm",Guarda-chuva dobrável em poliéster 190T dobrável em 3 secções com abertura automática. Fornecido em bolsa,TOMAS. Guarda-chuva dobrável em poliéster 190T com abertura automática,TOMAS. GUARDA-CHUVA DOBRÁVEL EM POLIÉSTER 190T COM ABERTURA AUTOMÁTICA,false,true,false,false,"ø980 x 295 mm | Bolsa: ø45 x 245 mm",,false,true,3.2,2.7,5.2,0.320x0.270x0.520,19.9,0.045,50,10,1,6601.91.10,Sol & Chuva,11,Guarda-Chuvas Retrácteis,0222,99139_set.jpg,,,,,"99139_set.jpg, 99139_103-a.jpg, 99139_103.jpg, 99139_104.jpg, 99139_104-a.jpg, 99139_106.jpg, 99139_106-a.jpg",hi!dea™,China,false,Abertura automática,,REACH,,,Pega: plástico bolha,352,Bolsa em 190T,,,Poliéster 190T,,,0,0,,,"guardas chuvas, guarda chuvas, chuva, inverno, certificado, certificados","99142, 99145, 99146, 99147, 99151, 99149, 99040",,,,,,"Azul, Branco, Preto","Guarda-chuva,Bolsa",Guarda-chuva,"Gomo 1, Gomo 2, Gomo 3, Gomo 4, Fita, Frente",Frente,200 x 120,"Guarda-chuva - Gomo 1, Guarda-chuva - Gomo 2, Guarda-chuva - Gomo 3, Guarda-chuva - Gomo 4, Guarda-chuva - Fita, Bolsa - Frente","Transfer, Silk screen têxtil",Silk screen têxtil,"TRS3-01, TRS3-02, TRS3-03, TRS3-04, TXP4-01, TRS1-01, TRS1-02, TRS1-03",TXP4-01-01,"TRS3-01-01, TRS3-01-02, TRS3-01-03, TRS3-01-04, TRS3-01-F, TRS3-02-01, TRS3-02-02, TRS3-02-03, TRS3-02-04, TRS3-02-F, TRS3-03-01, TRS3-03-02, TRS3-03-03, TRS3-03-04, TRS3-03-F, TRS3-04-01, TRS3-04-02, TRS3-04-03, TRS3-04-04, TRS3-04-F, TXP4-01-01, TXP4-01-02, TXP4-01-03, TXP4-01-04, TRS1-01-01, TRS1-01-02, TRS1-01-03, TRS1-01-04, TRS1-01-F, TRS1-02-01, TRS1-02-02, TRS1-02-03, TRS1-02-04, TRS1-02-F, TRS1-03-01, TRS1-03-02, TRS1-03-03, TRS1-03-04, TRS1-03-F","1, 2, 3, 4, 4, 1, 2, 3, 4, 4, 1, 2, 3, 4, 4, 1, 2, 3, 4, 4, 1, 2, 3, 4, 1, 2, 3, 4, 4, 1, 2, 3, 4, 4, 1, 2, 3, 4, 4",,,Guarda-chuva - Gomo 1 (Silk screen têxtil - 200 x 120),2,0,,99139_1_1_1.png,false,,,,,false,false,false,,"[object Object],[object Object],[object Object],[object Object],[object Object]","[object Object],[object Object],[object Object]","[object Object],[object Object]",cert_99139.zip,SPOT,11/18/2024 09:03:06,false,99139-103
"4, 4, 4, 4, 4, 4",99970,BURPEE. Conjunto de 4 bandas elásticas com bolsa de non-woven,BURPEE,"Conjunto de 4 bandas elásticas de ginástica em bolsa de non-woven preta. Cada banda tem um nível de resistência diferente: Vermelha - forte, Amarela - média, Azul - leve, Verde - muito leve. Bolsa: 100 x 200 mm","Conjunto de 4 bandas elásticas de ginástica em bolsa de non-woven preta. Cada banda tem um nível de resistência diferente: Vermelha - forte, Amarela - média, Azul - leve, Verde - muito leve",BURPEE. Conjunto de 4 bandas elásticas com bolsa de non-woven,BURPEE. CONJUNTO DE 4 BANDAS ELÁSTICAS COM BOLSA DE NON-WOVEN,false,true,false,false,Bolsa: 100 x 200 mm,,false,true,3.5,1.8,3.2,0.350X0.180X0.320,10.7,0.02,100,1,1,9506.91.00,Esporte & Ar Livre,0028,Outros Produtos,50,99970_set.jpg,,,,,"99970_set.jpg, 99970_103-a-logo.jpg, 99970_amb.jpg, 99970_103.jpg, 99970_103-a.jpg, 99970_103-c.jpg, 99970_103-d.jpg, 99970_103-e.jpg, 99970_103-f.jpg",hi!dea™,China,false,,,REACH,,,Polybag,89,,,,TPE,,,0,0,,,"conjuntos, esporte, desporto, exercício, outdoor, aeróbica, yoga, workout, certificado, certificados",,,,,,,Preto,Bolsa,Bolsa,Frente,Frente,80 x 140,Bolsa - Frente,Transfer,Transfer,"TRS1-01, TRS1-02, TRS1-03, TRS3-01, TRS3-02, TRS3-03",TRS3-01-01,"TRS1-01-01, TRS1-01-02, TRS1-01-03, TRS1-01-04, TRS1-01-F, TRS1-02-01, TRS1-02-02, TRS1-02-03, TRS1-02-04, TRS1-02-F, TRS1-03-01, TRS1-03-02, TRS1-03-03, TRS1-03-04, TRS1-03-F, TRS3-01-01, TRS3-01-02, TRS3-01-03, TRS3-01-04, TRS3-01-F, TRS3-02-01, TRS3-02-02, TRS3-02-03, TRS3-02-04, TRS3-02-F, TRS3-03-01, TRS3-03-02, TRS3-03-03, TRS3-03-04, TRS3-03-F","1, 2, 3, 4, 4, 1, 2, 3, 4, 4, 1, 2, 3, 4, 4, 1, 2, 3, 4, 4, 1, 2, 3, 4, 4, 1, 2, 3, 4, 4",,,Bolsa - Frente (Transfer - 80 x 140),4,0,,99970_1_1_1.png,false,,,,,false,false,false,,"[object Object],[object Object],[object Object],[object Object],[object Object]",[object Object],[object Object],cert_99970.zip,SPOT,11/18/2024 09:03:06,false,99970-103